old_url,new_url,match_type,notes
https://www.savvy-agents.com,https://home.savvy-agents.com/newsite,static,
https://www.savvy-agents.com/properties,https://home.savvy-agents.com/newsite/properties,static,
https://www.savvy-agents.com/about,https://home.savvy-agents.com/newsite/about,static,
https://www.savvy-agents.com/agents,https://home.savvy-agents.com/newsite/agents,static,
https://www.savvy-agents.com/case-studies,https://home.savvy-agents.com/newsite/case-studies,static,
https://www.savvy-agents.com/contact,https://home.savvy-agents.com/newsite/contact,static,
https://www.savvy-agents.com/markets,https://home.savvy-agents.com/newsite/markets,static,
https://www.savvy-agents.com/recent-sales,https://home.savvy-agents.com/newsite/case-studies,static,no equivalent page on new site; nearest is Case Studies (legacy rule uses 302 so it can change)
https://www.savvy-agents.com/team,https://home.savvy-agents.com/newsite/team,static,
https://www.savvy-agents.com/privacy,https://home.savvy-agents.com/newsite/privacy,static,
https://www.savvy-agents.com/legal,https://home.savvy-agents.com/newsite/legal,static,
https://www.savvy-agents.com/properties/3934-e-altadena-avenue-phoenix-7hdsbb,,none,"not published on new site (3934 E Altadena Avenue, Phoenix AZ); the Oct 2 old-site import brought every live old listing in as a draft at the same slug unless skipped, so this is most likely a draft on new site. Today the legacy redirect sends it to /newsite/properties (302) until published"
https://www.savvy-agents.com/properties/113-115-117-south-main-street-a5xc0e,,none,"not published on new site (113, 115 & 117 South Main Street,, Lawrenceburg KY); the Oct 2 old-site import brought every live old listing in as a draft at the same slug unless skipped, so this is most likely a draft on new site. Today the legacy redirect sends it to /newsite/properties (302) until published"
https://www.savvy-agents.com/properties/16-bunker-hill-drive-palm-coast-2obasb,,none,"not published on new site (16 Bunker Hill Drive, Palm Coast FL); the Oct 2 old-site import brought every live old listing in as a draft at the same slug unless skipped, so this is most likely a draft on new site. Today the legacy redirect sends it to /newsite/properties (302) until published"
https://www.savvy-agents.com/properties/6-folcroft-lane-palm-coast-j7vnwa,,none,"not published on new site (6 Folcroft Lane, Palm Coast FL); the Oct 2 old-site import brought every live old listing in as a draft at the same slug unless skipped, so this is most likely a draft on new site. Today the legacy redirect sends it to /newsite/properties (302) until published"
https://www.savvy-agents.com/properties/225-birchwood-drive-palm-coast-klstzm,,none,"not published on new site (225 Birchwood Drive, Palm Coast FL); the Oct 2 old-site import brought every live old listing in as a draft at the same slug unless skipped, so this is most likely a draft on new site. Today the legacy redirect sends it to /newsite/properties (302) until published"
https://www.savvy-agents.com/properties/510-n-8th-st-rogers-hdsq6q,,none,"not published on new site (510 N 8th St, Rogers AR); the Oct 2 old-site import brought every live old listing in as a draft at the same slug unless skipped, so this is most likely a draft on new site. Today the legacy redirect sends it to /newsite/properties (302) until published"
https://www.savvy-agents.com/properties/332-w-6th-ave-columbus-32peyu,,none,"not published on new site (332 W 6th Ave, Columbus OH); the Oct 2 old-site import brought every live old listing in as a draft at the same slug unless skipped, so this is most likely a draft on new site. Today the legacy redirect sends it to /newsite/properties (302) until published"
https://www.savvy-agents.com/properties/101-dogwood-dr-jim-thorpe-eco88o,,none,"not published on new site (101 Dogwood Dr, Jim Thorpe PA); the Oct 2 old-site import brought every live old listing in as a draft at the same slug unless skipped, so this is most likely a draft on new site. Today the legacy redirect sends it to /newsite/properties (302) until published"
https://www.savvy-agents.com/properties/1006-enid-st-b-houston-mfufvr,,none,"not published on new site (1006 Enid St #B, Houston TX); the Oct 2 old-site import brought every live old listing in as a draft at the same slug unless skipped, so this is most likely a draft on new site. Today the legacy redirect sends it to /newsite/properties (302) until published"
https://www.savvy-agents.com/properties/275-hillary-dr-w-freeland-iuzogn,,none,"not published on new site (275 Hillary Dr W, Freeland PA); the Oct 2 old-site import brought every live old listing in as a draft at the same slug unless skipped, so this is most likely a draft on new site. Today the legacy redirect sends it to /newsite/properties (302) until published"
https://www.savvy-agents.com/properties/168-boulder-crk-broken-bow-6ms4dm,,none,"not published on new site (168 Boulder Crk, Broken Bow OK); the Oct 2 old-site import brought every live old listing in as a draft at the same slug unless skipped, so this is most likely a draft on new site. Today the legacy redirect sends it to /newsite/properties (302) until published"
https://www.savvy-agents.com/properties/295-boulder-crk-broken-bow-s30ugw,,none,"not published on new site (295 Boulder Crk, Broken Bow OK); the Oct 2 old-site import brought every live old listing in as a draft at the same slug unless skipped, so this is most likely a draft on new site. Today the legacy redirect sends it to /newsite/properties (302) until published"
https://www.savvy-agents.com/properties/3764-ivy-way-sevierville-w35xmn,,none,"not published on new site (3764 Ivy Way, Sevierville TN); the Oct 2 old-site import brought every live old listing in as a draft at the same slug unless skipped, so this is most likely a draft on new site. Today the legacy redirect sends it to /newsite/properties (302) until published"
https://www.savvy-agents.com/properties/1524-scenic-woods-way-sevierville-l461rk,,none,"not published on new site (1524 Scenic Woods Way, Sevierville TN); the Oct 2 old-site import brought every live old listing in as a draft at the same slug unless skipped, so this is most likely a draft on new site. Today the legacy redirect sends it to /newsite/properties (302) until published"
https://www.savvy-agents.com/properties/701-s-atlantic-ave-307-daytona-beach-ctbpcb,,none,"not published on new site (701 S Atlantic Ave #307, Daytona Beach FL); the Oct 2 old-site import brought every live old listing in as a draft at the same slug unless skipped, so this is most likely a draft on new site. Today the legacy redirect sends it to /newsite/properties (302) until published"
https://www.savvy-agents.com/properties/1493-n-5th-st-columbus-2a5me5,,none,"not published on new site (1493 N 5th St, Columbus OH); the Oct 2 old-site import brought every live old listing in as a draft at the same slug unless skipped, so this is most likely a draft on new site. Today the legacy redirect sends it to /newsite/properties (302) until published"
https://www.savvy-agents.com/properties/2380-indiana-ave-columbus-t0xxis,,none,"not published on new site (2380 Indiana Ave, Columbus OH); the Oct 2 old-site import brought every live old listing in as a draft at the same slug unless skipped, so this is most likely a draft on new site. Today the legacy redirect sends it to /newsite/properties (302) until published"
https://www.savvy-agents.com/properties/2071-s-atlantic-ave-apt-204-daytona-beach-shores-32zczw,,none,"not published on new site (2071 S Atlantic Ave Apt 204, Daytona Beach Shores FL); the Oct 2 old-site import brought every live old listing in as a draft at the same slug unless skipped, so this is most likely a draft on new site. Today the legacy redirect sends it to /newsite/properties (302) until published"
https://www.savvy-agents.com/properties/28345-state-highway-f-wright-city-sqwq76,,none,"not published on new site (28345 State Highway F, Wright City MO); the Oct 2 old-site import brought every live old listing in as a draft at the same slug unless skipped, so this is most likely a draft on new site. Today the legacy redirect sends it to /newsite/properties (302) until published"
https://www.savvy-agents.com/properties/500-burton-dr-1210-tavernier-qcplm7,,none,"not published on new site (500 Burton Dr #1210, Tavernier FL); the Oct 2 old-site import brought every live old listing in as a draft at the same slug unless skipped, so this is most likely a draft on new site. Today the legacy redirect sends it to /newsite/properties (302) until published"
https://www.savvy-agents.com/properties/101-bud-st-greenville-36kw1a,,none,"not published on new site (101 Bud St, Greenville SC); the Oct 2 old-site import brought every live old listing in as a draft at the same slug unless skipped, so this is most likely a draft on new site. Today the legacy redirect sends it to /newsite/properties (302) until published"
https://www.savvy-agents.com/properties/18918-casper-spring-j87gyq,,none,"not published on new site (18918 Casper, Spring TX); the Oct 2 old-site import brought every live old listing in as a draft at the same slug unless skipped, so this is most likely a draft on new site. Today the legacy redirect sends it to /newsite/properties (302) until published"
https://www.savvy-agents.com/properties/3-fairfax-dr-saint-peters-vdviwl,,none,"not published on new site (3 Fairfax Dr, Saint Peters MO); the Oct 2 old-site import brought every live old listing in as a draft at the same slug unless skipped, so this is most likely a draft on new site. Today the legacy redirect sends it to /newsite/properties (302) until published"
https://www.savvy-agents.com/properties/12263-90th-avenue-seminole-tlbsbs,,none,"not published on new site (12263 90th Avenue, Seminole FL); the Oct 2 old-site import brought every live old listing in as a draft at the same slug unless skipped, so this is most likely a draft on new site. Today the legacy redirect sends it to /newsite/properties (302) until published"
https://www.savvy-agents.com/properties/113-cougar-trl-whitefish-bqlq05,,none,"not published on new site (113 Cougar Trl, Whitefish MT); the Oct 2 old-site import brought every live old listing in as a draft at the same slug unless skipped, so this is most likely a draft on new site. Today the legacy redirect sends it to /newsite/properties (302) until published"
https://www.savvy-agents.com/properties/815-39th-st-marathon-xatqla,,none,"not published on new site (815 39th St, Marathon FL); the Oct 2 old-site import brought every live old listing in as a draft at the same slug unless skipped, so this is most likely a draft on new site. Today the legacy redirect sends it to /newsite/properties (302) until published"
https://www.savvy-agents.com/properties/219-gravity-rd-lake-ariel-cnhedn,,none,"not published on new site (219 Gravity Rd, Lake Ariel PA); the Oct 2 old-site import brought every live old listing in as a draft at the same slug unless skipped, so this is most likely a draft on new site. Today the legacy redirect sends it to /newsite/properties (302) until published"
https://www.savvy-agents.com/properties/12-old-farm-rd-east-stroudsburg-w9oev2,,none,"not published on new site (12 Old Farm Rd, East Stroudsburg PA); the Oct 2 old-site import brought every live old listing in as a draft at the same slug unless skipped, so this is most likely a draft on new site. Today the legacy redirect sends it to /newsite/properties (302) until published"
https://www.savvy-agents.com/properties/104-arnett-ave-frankfort-sshbv6,,none,"not published on new site (104 Arnett Ave, Frankfort KY); the Oct 2 old-site import brought every live old listing in as a draft at the same slug unless skipped, so this is most likely a draft on new site. Today the legacy redirect sends it to /newsite/properties (302) until published"
https://www.savvy-agents.com/properties/5170-classic-dr-tobyhanna-cmnpib,,none,"not published on new site (5170 Classic Dr, Tobyhanna PA); the Oct 2 old-site import brought every live old listing in as a draft at the same slug unless skipped, so this is most likely a draft on new site. Today the legacy redirect sends it to /newsite/properties (302) until published"
https://www.savvy-agents.com/properties/28-pope-ln-albrightsville-sck72a,,none,"not published on new site (28 Pope Ln, Albrightsville PA); the Oct 2 old-site import brought every live old listing in as a draft at the same slug unless skipped, so this is most likely a draft on new site. Today the legacy redirect sends it to /newsite/properties (302) until published"
https://www.savvy-agents.com/properties/361-preacher-hill-rd-cresco-7ud9ov,,none,"not published on new site (361 Preacher Hill Rd, Cresco PA); the Oct 2 old-site import brought every live old listing in as a draft at the same slug unless skipped, so this is most likely a draft on new site. Today the legacy redirect sends it to /newsite/properties (302) until published"
https://www.savvy-agents.com/properties/185-elk-park-rd-columbia-falls-z861h5,,none,"not published on new site (185 Elk Park Rd, Columbia Falls MT); the Oct 2 old-site import brought every live old listing in as a draft at the same slug unless skipped, so this is most likely a draft on new site. Today the legacy redirect sends it to /newsite/properties (302) until published"
https://www.savvy-agents.com/properties/206-cordes-st-o-fallon-yu7dk5,,none,"not published on new site (206 Cordes St, O'Fallon MO); the Oct 2 old-site import brought every live old listing in as a draft at the same slug unless skipped, so this is most likely a draft on new site. Today the legacy redirect sends it to /newsite/properties (302) until published"
https://www.savvy-agents.com/properties/1397-valli-ln-saint-charles-9zpn38,,none,"not published on new site (1397 Valli Ln, Saint Charles MO); the Oct 2 old-site import brought every live old listing in as a draft at the same slug unless skipped, so this is most likely a draft on new site. Today the legacy redirect sends it to /newsite/properties (302) until published"
https://www.savvy-agents.com/properties/14-cedarview-ct-saint-charles-khxqmk,,none,"not published on new site (14 Cedarview Ct, Saint Charles MO); the Oct 2 old-site import brought every live old listing in as a draft at the same slug unless skipped, so this is most likely a draft on new site. Today the legacy redirect sends it to /newsite/properties (302) until published"
https://www.savvy-agents.com/properties/3447-dogwood-cir-pigeon-forge-uhklng,,none,"not published on new site (3447 Dogwood Cir, Pigeon Forge TN); the Oct 2 old-site import brought every live old listing in as a draft at the same slug unless skipped, so this is most likely a draft on new site. Today the legacy redirect sends it to /newsite/properties (302) until published"
https://www.savvy-agents.com/properties/2136-e-view-dr-sevierville-icfpid,,none,"not published on new site (2136 E View Dr, Sevierville TN); the Oct 2 old-site import brought every live old listing in as a draft at the same slug unless skipped, so this is most likely a draft on new site. Today the legacy redirect sends it to /newsite/properties (302) until published"
https://www.savvy-agents.com/properties/810-carson-dr-bentonville-k5jqge,,none,"not published on new site (810 Carson Dr, Bentonville AR); the Oct 2 old-site import brought every live old listing in as a draft at the same slug unless skipped, so this is most likely a draft on new site. Today the legacy redirect sends it to /newsite/properties (302) until published"
https://www.savvy-agents.com/properties/4908-zephyr-ln-charlotte-ey3jk0,,none,"not published on new site (4908 Zephyr Ln, Charlotte NC); the Oct 2 old-site import brought every live old listing in as a draft at the same slug unless skipped, so this is most likely a draft on new site. Today the legacy redirect sends it to /newsite/properties (302) until published"
https://www.savvy-agents.com/properties/548-carolyn-ln-charlotte-nyjudy,,none,"not published on new site (548 Carolyn Ln, Charlotte NC); the Oct 2 old-site import brought every live old listing in as a draft at the same slug unless skipped, so this is most likely a draft on new site. Today the legacy redirect sends it to /newsite/properties (302) until published"
https://www.savvy-agents.com/properties/5302-arbor-vitae-dr-houston-00unbn,,none,"not published on new site (5302 Arbor Vitae Dr, Houston TX); the Oct 2 old-site import brought every live old listing in as a draft at the same slug unless skipped, so this is most likely a draft on new site. Today the legacy redirect sends it to /newsite/properties (302) until published"
https://www.savvy-agents.com/properties/232-circle-dr-cape-canaveral-3p4rye,,none,"not published on new site (232 Circle Dr, Cape Canaveral FL); the Oct 2 old-site import brought every live old listing in as a draft at the same slug unless skipped, so this is most likely a draft on new site. Today the legacy redirect sends it to /newsite/properties (302) until published"
https://www.savvy-agents.com/properties/25-butterfield-drive-palm-coast-wg8yor,,none,"not published on new site (25 Butterfield Drive, Palm Coast FL); the Oct 2 old-site import brought every live old listing in as a draft at the same slug unless skipped, so this is most likely a draft on new site. Today the legacy redirect sends it to /newsite/properties (302) until published"
https://www.savvy-agents.com/properties/77-cimmaron-drive-palm-coast-fexlm2,,none,"not published on new site (77 Cimmaron Drive, Palm Coast FL); the Oct 2 old-site import brought every live old listing in as a draft at the same slug unless skipped, so this is most likely a draft on new site. Today the legacy redirect sends it to /newsite/properties (302) until published"
https://www.savvy-agents.com/properties/130-bayside-drive-palm-coast-fq6sjl,,none,"not published on new site (130 Bayside Drive, Palm Coast FL); the Oct 2 old-site import brought every live old listing in as a draft at the same slug unless skipped, so this is most likely a draft on new site. Today the legacy redirect sends it to /newsite/properties (302) until published"
https://www.savvy-agents.com/properties/313-s-atlantic-ave-629-daytona-beach-le13yo,,none,"not published on new site (313 S Atlantic Ave #629, Daytona Beach FL); the Oct 2 old-site import brought every live old listing in as a draft at the same slug unless skipped, so this is most likely a draft on new site. Today the legacy redirect sends it to /newsite/properties (302) until published"
https://www.savvy-agents.com/properties/1298-golden-gate-ln-saint-peters-8kcx6p,,none,"not published on new site (1298 Golden Gate Ln, Saint Peters MO); the Oct 2 old-site import brought every live old listing in as a draft at the same slug unless skipped, so this is most likely a draft on new site. Today the legacy redirect sends it to /newsite/properties (302) until published"
https://www.savvy-agents.com/properties/254-chinook-lake-rd-whitefish-shihst,,none,"not published on new site (254 Chinook Lake Rd, Whitefish MT); the Oct 2 old-site import brought every live old listing in as a draft at the same slug unless skipped, so this is most likely a draft on new site. Today the legacy redirect sends it to /newsite/properties (302) until published"
https://www.savvy-agents.com/properties/832-resort-way-gatlinburg-bsp37l,,none,"not published on new site (832 Resort Way, Gatlinburg TN); the Oct 2 old-site import brought every live old listing in as a draft at the same slug unless skipped, so this is most likely a draft on new site. Today the legacy redirect sends it to /newsite/properties (302) until published"
https://www.savvy-agents.com/properties/17555-atlantic-blvd-apt-707-sunny-isles-beach-9o7e16,,none,"not published on new site (17555 Atlantic Blvd Apt 707, Sunny Isles Beach FL); the Oct 2 old-site import brought every live old listing in as a draft at the same slug unless skipped, so this is most likely a draft on new site. Today the legacy redirect sends it to /newsite/properties (302) until published"
https://www.savvy-agents.com/properties/35-braeburn-ct-east-falmouth-svnhuv,,none,"not published on new site (35 Braeburn Ct, East Falmouth MA); the Oct 2 old-site import brought every live old listing in as a draft at the same slug unless skipped, so this is most likely a draft on new site. Today the legacy redirect sends it to /newsite/properties (302) until published"
https://www.savvy-agents.com/properties/6436-speights-dr-indianapolis-0i4o1u,,none,"not published on new site (6436 Speights Dr, Indianapolis IN); the Oct 2 old-site import brought every live old listing in as a draft at the same slug unless skipped, so this is most likely a draft on new site. Today the legacy redirect sends it to /newsite/properties (302) until published"
https://www.savvy-agents.com/properties/104-disosway-st-black-mountain-8eypps,,none,"not published on new site (104 Disosway St, Black Mountain NC); the Oct 2 old-site import brought every live old listing in as a draft at the same slug unless skipped, so this is most likely a draft on new site. Today the legacy redirect sends it to /newsite/properties (302) until published"
https://www.savvy-agents.com/properties/615-orange-st-indianapolis-283z4c,,none,"not published on new site (615 Orange St, Indianapolis IN); the Oct 2 old-site import brought every live old listing in as a draft at the same slug unless skipped, so this is most likely a draft on new site. Today the legacy redirect sends it to /newsite/properties (302) until published"
https://www.savvy-agents.com/properties/10-rojo-dr-sedona-8rr2im,,none,"not published on new site (10 Rojo Dr, Sedona AZ); the Oct 2 old-site import brought every live old listing in as a draft at the same slug unless skipped, so this is most likely a draft on new site. Today the legacy redirect sends it to /newsite/properties (302) until published"
https://www.savvy-agents.com/properties/2430-cove-mountain-ln-sevierville-l5230k,,none,"not published on new site (2430 Cove Mountain Ln, Sevierville TN); the Oct 2 old-site import brought every live old listing in as a draft at the same slug unless skipped, so this is most likely a draft on new site. Today the legacy redirect sends it to /newsite/properties (302) until published"
https://www.savvy-agents.com/properties/22984-perdido-beach-blvd-52-d-orange-beach-ccgfvi,,none,"not published on new site (22984 Perdido Beach Blvd #52-D, Orange Beach AL); the Oct 2 old-site import brought every live old listing in as a draft at the same slug unless skipped, so this is most likely a draft on new site. Today the legacy redirect sends it to /newsite/properties (302) until published"
https://www.savvy-agents.com/properties/3210-pine-way-pigeon-forge-83gxgr,,none,"not published on new site (3210 Pine Way, Pigeon Forge TN); the Oct 2 old-site import brought every live old listing in as a draft at the same slug unless skipped, so this is most likely a draft on new site. Today the legacy redirect sends it to /newsite/properties (302) until published"
https://www.savvy-agents.com/properties/338-w-1st-ave-columbus-hlc0s7,,none,"not published on new site (338 W 1st Ave, Columbus OH); the Oct 2 old-site import brought every live old listing in as a draft at the same slug unless skipped, so this is most likely a draft on new site. Today the legacy redirect sends it to /newsite/properties (302) until published"
https://www.savvy-agents.com/properties/2140-bear-haven-way-sevierville-x4ku7e,,none,"not published on new site (2140 Bear Haven Way, Sevierville TN); the Oct 2 old-site import brought every live old listing in as a draft at the same slug unless skipped, so this is most likely a draft on new site. Today the legacy redirect sends it to /newsite/properties (302) until published"
https://www.savvy-agents.com/properties/615-country-oaks-dr-pigeon-forge-vb78de,,none,"not published on new site (615 Country Oaks Dr, Pigeon Forge TN); the Oct 2 old-site import brought every live old listing in as a draft at the same slug unless skipped, so this is most likely a draft on new site. Today the legacy redirect sends it to /newsite/properties (302) until published"
https://www.savvy-agents.com/properties/1990-blackthorn-trl-sevierville-kiq1ty,,none,"not published on new site (1990 Blackthorn Trl, Sevierville TN); the Oct 2 old-site import brought every live old listing in as a draft at the same slug unless skipped, so this is most likely a draft on new site. Today the legacy redirect sends it to /newsite/properties (302) until published"
https://www.savvy-agents.com/properties/1417-tiffany-cove-way-sevierville-bpdthu,,none,"not published on new site (1417 Tiffany Cove Way, Sevierville TN); the Oct 2 old-site import brought every live old listing in as a draft at the same slug unless skipped, so this is most likely a draft on new site. Today the legacy redirect sends it to /newsite/properties (302) until published"
https://www.savvy-agents.com/properties/970-hubbards-ln-bardstown-zqktvl,,none,"not published on new site (970 Hubbards Ln, Bardstown KY); the Oct 2 old-site import brought every live old listing in as a draft at the same slug unless skipped, so this is most likely a draft on new site. Today the legacy redirect sends it to /newsite/properties (302) until published"
https://www.savvy-agents.com/properties/2415-e-mallory-street-mesa-pyeglw,,none,"not published on new site (2415 E Mallory Street, Mesa AZ); the Oct 2 old-site import brought every live old listing in as a draft at the same slug unless skipped, so this is most likely a draft on new site. Today the legacy redirect sends it to /newsite/properties (302) until published"
https://www.savvy-agents.com/properties/5067-atlantic-vw-saint-augustine-kjzfsp,,none,"not published on new site (5067 Atlantic Vw, Saint Augustine FL); the Oct 2 old-site import brought every live old listing in as a draft at the same slug unless skipped, so this is most likely a draft on new site. Today the legacy redirect sends it to /newsite/properties (302) until published"
https://www.savvy-agents.com/properties/2159-wild-laurel-dr-long-pond-chzspu,,none,"not published on new site (2159 Wild Laurel Dr, Long Pond PA); the Oct 2 old-site import brought every live old listing in as a draft at the same slug unless skipped, so this is most likely a draft on new site. Today the legacy redirect sends it to /newsite/properties (302) until published"
https://www.savvy-agents.com/properties/701-spanish-main-dr-171-cudjoe-key-3qt2n1,,none,"not published on new site (701 Spanish Main Dr #171, Cudjoe Key FL); the Oct 2 old-site import brought every live old listing in as a draft at the same slug unless skipped, so this is most likely a draft on new site. Today the legacy redirect sends it to /newsite/properties (302) until published"
https://www.savvy-agents.com/properties/403-prince-charles-dr-o-fallon-c8b0uz,,none,"not published on new site (403 Prince Charles Dr, O'Fallon MO); the Oct 2 old-site import brought every live old listing in as a draft at the same slug unless skipped, so this is most likely a draft on new site. Today the legacy redirect sends it to /newsite/properties (302) until published"
https://www.savvy-agents.com/properties/110-cimmaron-drive-palm-coast-ge4ji5,,none,"not published on new site (110 Cimmaron Drive, Palm Coast FL); the Oct 2 old-site import brought every live old listing in as a draft at the same slug unless skipped, so this is most likely a draft on new site. Today the legacy redirect sends it to /newsite/properties (302) until published"
https://www.savvy-agents.com/properties/6937-e-moreland-street-scottsdale-td29ny,,none,"not published on new site; the Oct 2 old-site import brought every live old listing in as a draft at the same slug unless skipped, so this is most likely a draft on new site. Today the legacy redirect sends it to /newsite/properties (302) until published"
https://www.savvy-agents.com/properties/3022-w-old-farmington-rd-fayetteville-4x90la,,none,"not published on new site (3022 W Old Farmington Rd, Fayetteville AR); the Oct 2 old-site import brought every live old listing in as a draft at the same slug unless skipped, so this is most likely a draft on new site. Today the legacy redirect sends it to /newsite/properties (302) until published"
https://www.savvy-agents.com/properties/1188-ski-mountain-rd-gatlinburg-g5po19,,none,"not published on new site (1188 Ski Mountain Rd, Gatlinburg TN); the Oct 2 old-site import brought every live old listing in as a draft at the same slug unless skipped, so this is most likely a draft on new site. Today the legacy redirect sends it to /newsite/properties (302) until published"
https://www.savvy-agents.com/properties/1640-state-route-534-albrightsville-6rkgr1,,none,"not published on new site (1640 State Route 534, Albrightsville PA); the Oct 2 old-site import brought every live old listing in as a draft at the same slug unless skipped, so this is most likely a draft on new site. Today the legacy redirect sends it to /newsite/properties (302) until published"
https://www.savvy-agents.com/properties/3647-s-atlantic-ave-g6-daytona-beach-3f1r35,,none,"not published on new site (3647 S Atlantic Ave #G6, Daytona Beach FL); the Oct 2 old-site import brought every live old listing in as a draft at the same slug unless skipped, so this is most likely a draft on new site. Today the legacy redirect sends it to /newsite/properties (302) until published"
https://www.savvy-agents.com/properties/6539-laurel-hollow-dr-tobyhanna-qusuql,,none,"not published on new site (6539 Laurel Hollow Dr, Tobyhanna PA); the Oct 2 old-site import brought every live old listing in as a draft at the same slug unless skipped, so this is most likely a draft on new site. Today the legacy redirect sends it to /newsite/properties (302) until published"
https://www.savvy-agents.com/properties/650-shady-holw-new-braunfels-nvpy9x,,none,"not published on new site (650 Shady Holw, New Braunfels TX); the Oct 2 old-site import brought every live old listing in as a draft at the same slug unless skipped, so this is most likely a draft on new site. Today the legacy redirect sends it to /newsite/properties (302) until published"
https://www.savvy-agents.com/properties/44-sea-doo-ln-broken-bow-hqz47l,,none,"not published on new site (44 Sea Doo Ln, Broken Bow OK); the Oct 2 old-site import brought every live old listing in as a draft at the same slug unless skipped, so this is most likely a draft on new site. Today the legacy redirect sends it to /newsite/properties (302) until published"
https://www.savvy-agents.com/properties/300-evergreen-vista-loop-broken-bow-06mq1m,,none,"not published on new site (300 Evergreen Vista Loop, Broken Bow OK); the Oct 2 old-site import brought every live old listing in as a draft at the same slug unless skipped, so this is most likely a draft on new site. Today the legacy redirect sends it to /newsite/properties (302) until published"
https://www.savvy-agents.com/properties/106-w-eagle-mountain-trl-broken-bow-aa4wtn,,none,"not published on new site (106 W Eagle Mountain Trl, Broken Bow OK); the Oct 2 old-site import brought every live old listing in as a draft at the same slug unless skipped, so this is most likely a draft on new site. Today the legacy redirect sends it to /newsite/properties (302) until published"
https://www.savvy-agents.com/properties/198-bear-cedar-trl-broken-bow-0xy61s,,none,"not published on new site (198 Bear Cedar Trl, Broken Bow OK); the Oct 2 old-site import brought every live old listing in as a draft at the same slug unless skipped, so this is most likely a draft on new site. Today the legacy redirect sends it to /newsite/properties (302) until published"
https://www.savvy-agents.com/properties/59-alumaweld-ln-broken-bow-g6juv6,,none,"not published on new site (59 Alumaweld Ln, Broken Bow OK); the Oct 2 old-site import brought every live old listing in as a draft at the same slug unless skipped, so this is most likely a draft on new site. Today the legacy redirect sends it to /newsite/properties (302) until published"
https://www.savvy-agents.com/properties/24-boulder-path-broken-bow-f2qmyp,,none,"not published on new site (24 Boulder Path, Broken Bow OK); the Oct 2 old-site import brought every live old listing in as a draft at the same slug unless skipped, so this is most likely a draft on new site. Today the legacy redirect sends it to /newsite/properties (302) until published"
https://www.savvy-agents.com/properties/900-101st-street-ocean-st-marathon-gn5occ,,none,"not published on new site (900 101st Street Ocean St, Marathon FL); the Oct 2 old-site import brought every live old listing in as a draft at the same slug unless skipped, so this is most likely a draft on new site. Today the legacy redirect sends it to /newsite/properties (302) until published"
https://www.savvy-agents.com/properties/47-mountain-ash-trl-broken-bow-f7hgi4,,none,"not published on new site (47 Mountain Ash Trl, Broken Bow OK); the Oct 2 old-site import brought every live old listing in as a draft at the same slug unless skipped, so this is most likely a draft on new site. Today the legacy redirect sends it to /newsite/properties (302) until published"
https://www.savvy-agents.com/properties/8637-e-camelback-road-scottsdale-ihoydp,,none,"not published on new site (8637 E Camelback Road, Scottsdale AZ); the Oct 2 old-site import brought every live old listing in as a draft at the same slug unless skipped, so this is most likely a draft on new site. Today the legacy redirect sends it to /newsite/properties (302) until published"
https://www.savvy-agents.com/properties/100-rojo-drive-sedona-me229j,,none,"not published on new site (100 Rojo Drive, Sedona AZ); the Oct 2 old-site import brought every live old listing in as a draft at the same slug unless skipped, so this is most likely a draft on new site. Today the legacy redirect sends it to /newsite/properties (302) until published"
https://www.savvy-agents.com/properties/5190-white-birch-dr-long-pond-xevv0u,,none,"not published on new site (5190 White Birch Dr, Long Pond PA); the Oct 2 old-site import brought every live old listing in as a draft at the same slug unless skipped, so this is most likely a draft on new site. Today the legacy redirect sends it to /newsite/properties (302) until published"
https://www.savvy-agents.com/properties/42-menendez-rd-saint-augustine-bssu29,,none,"not published on new site (42 Menendez Rd, Saint Augustine FL); the Oct 2 old-site import brought every live old listing in as a draft at the same slug unless skipped, so this is most likely a draft on new site. Today the legacy redirect sends it to /newsite/properties (302) until published"
https://www.savvy-agents.com/properties/13-rohde-ave-saint-augustine-k9pvtt,,none,"not published on new site (13 Rohde Ave, Saint Augustine FL); the Oct 2 old-site import brought every live old listing in as a draft at the same slug unless skipped, so this is most likely a draft on new site. Today the legacy redirect sends it to /newsite/properties (302) until published"
https://www.savvy-agents.com/properties/5042-atlantic-vw-saint-augustine-d8lxh8,,none,"not published on new site (5042 Atlantic Vw, Saint Augustine FL); the Oct 2 old-site import brought every live old listing in as a draft at the same slug unless skipped, so this is most likely a draft on new site. Today the legacy redirect sends it to /newsite/properties (302) until published"
https://www.savvy-agents.com/properties/141-lenape-trl-long-pond-pm60ia,,none,"not published on new site (141 Lenape Trl, Long Pond PA); the Oct 2 old-site import brought every live old listing in as a draft at the same slug unless skipped, so this is most likely a draft on new site. Today the legacy redirect sends it to /newsite/properties (302) until published"
https://www.savvy-agents.com/properties/84-longfellow-cir-albrightsville-jrg1hk,,none,"not published on new site (84 Longfellow Cir, Albrightsville PA); the Oct 2 old-site import brought every live old listing in as a draft at the same slug unless skipped, so this is most likely a draft on new site. Today the legacy redirect sends it to /newsite/properties (302) until published"
https://www.savvy-agents.com/properties/117-club-view-dr-greenville-ud2wj8,,none,"not published on new site (117 Club View Dr, Greenville SC); the Oct 2 old-site import brought every live old listing in as a draft at the same slug unless skipped, so this is most likely a draft on new site. Today the legacy redirect sends it to /newsite/properties (302) until published"
https://www.savvy-agents.com/properties/2214-n-central-ave-flagler-beach-kim1xs,,none,"not published on new site (2214 N Central Ave, Flagler Beach FL); the Oct 2 old-site import brought every live old listing in as a draft at the same slug unless skipped, so this is most likely a draft on new site. Today the legacy redirect sends it to /newsite/properties (302) until published"
https://www.savvy-agents.com/properties/76-flamingo-dr-palm-coast-r1xecs,,none,"not published on new site (76 Flamingo Dr, Palm Coast FL); the Oct 2 old-site import brought every live old listing in as a draft at the same slug unless skipped, so this is most likely a draft on new site. Today the legacy redirect sends it to /newsite/properties (302) until published"
https://www.savvy-agents.com/properties/408-potters-ridge-rd-gatlinburg-ab3ihs,,none,"not published on new site (408 Potters Ridge Rd, Gatlinburg TN); the Oct 2 old-site import brought every live old listing in as a draft at the same slug unless skipped, so this is most likely a draft on new site. Today the legacy redirect sends it to /newsite/properties (302) until published"
https://www.savvy-agents.com/properties/5819-chrystell-ln-houston-04zkg9,,none,"not published on new site (5819 Chrystell Ln, Houston TX); the Oct 2 old-site import brought every live old listing in as a draft at the same slug unless skipped, so this is most likely a draft on new site. Today the legacy redirect sends it to /newsite/properties (302) until published"
https://www.savvy-agents.com/properties/1114-neil-ave-columbus-k2l2bk,,none,"not published on new site (1114 Neil Ave, Columbus OH); the Oct 2 old-site import brought every live old listing in as a draft at the same slug unless skipped, so this is most likely a draft on new site. Today the legacy redirect sends it to /newsite/properties (302) until published"
https://www.savvy-agents.com/properties/9-e-harbor-drive-east-falmouth-8qwyru,,none,"not published on new site (9 E Harbor Drive, East Falmouth MA); the Oct 2 old-site import brought every live old listing in as a draft at the same slug unless skipped, so this is most likely a draft on new site. Today the legacy redirect sends it to /newsite/properties (302) until published"
https://www.savvy-agents.com/properties/700-ne-17th-way-fort-lauderdale-c0ed5v,,none,"not published on new site (700 Ne 17th Way, Fort Lauderdale FL); the Oct 2 old-site import brought every live old listing in as a draft at the same slug unless skipped, so this is most likely a draft on new site. Today the legacy redirect sends it to /newsite/properties (302) until published"
https://www.savvy-agents.com/properties/9614-springmont-houston-80hhs2,,none,"not published on new site (9614 Springmont, Houston TX); the Oct 2 old-site import brought every live old listing in as a draft at the same slug unless skipped, so this is most likely a draft on new site. Today the legacy redirect sends it to /newsite/properties (302) until published"
https://www.savvy-agents.com/properties/1001-old-laurel-ln-sevierville-hf8md8,,none,"not published on new site (1001 Old Laurel Ln, Sevierville TN); the Oct 2 old-site import brought every live old listing in as a draft at the same slug unless skipped, so this is most likely a draft on new site. Today the legacy redirect sends it to /newsite/properties (302) until published"
https://www.savvy-agents.com/properties/41-zephyr-lily-trail-palm-coast-fgsoso,,none,"not published on new site (41 Zephyr Lily Trail, Palm Coast FL); the Oct 2 old-site import brought every live old listing in as a draft at the same slug unless skipped, so this is most likely a draft on new site. Today the legacy redirect sends it to /newsite/properties (302) until published"
https://www.savvy-agents.com/properties/13-two-ponds-road-falmouth-z85smr,,none,"not published on new site (13 Two Ponds Road, Falmouth MA); the Oct 2 old-site import brought every live old listing in as a draft at the same slug unless skipped, so this is most likely a draft on new site. Today the legacy redirect sends it to /newsite/properties (302) until published"
https://www.savvy-agents.com/properties/326-alpine-mountain-way-pigeon-forge-bodg2b,,none,"not published on new site (326 Alpine Mountain Way, Pigeon Forge TN); the Oct 2 old-site import brought every live old listing in as a draft at the same slug unless skipped, so this is most likely a draft on new site. Today the legacy redirect sends it to /newsite/properties (302) until published"
https://www.savvy-agents.com/properties/315-n-mountain-trl-gatlinburg-4eutpn,,none,"not published on new site (315 N Mountain Trl, Gatlinburg TN); the Oct 2 old-site import brought every live old listing in as a draft at the same slug unless skipped, so this is most likely a draft on new site. Today the legacy redirect sends it to /newsite/properties (302) until published"
https://www.savvy-agents.com/properties/506-banyan-way-melbourne-beach-ek2fx4,,none,"not published on new site (506 Banyan Way, Melbourne Beach FL); the Oct 2 old-site import brought every live old listing in as a draft at the same slug unless skipped, so this is most likely a draft on new site. Today the legacy redirect sends it to /newsite/properties (302) until published"
https://www.savvy-agents.com/properties/9-maplewood-ave-villas-d8icx3,,none,"not published on new site (9 Maplewood Ave, Villas NJ); the Oct 2 old-site import brought every live old listing in as a draft at the same slug unless skipped, so this is most likely a draft on new site. Today the legacy redirect sends it to /newsite/properties (302) until published"
https://www.savvy-agents.com/properties/101-pennsylvania-ave-villas-xvzmu3,,none,"not published on new site (101 Pennsylvania Ave, Villas NJ); the Oct 2 old-site import brought every live old listing in as a draft at the same slug unless skipped, so this is most likely a draft on new site. Today the legacy redirect sends it to /newsite/properties (302) until published"
https://www.savvy-agents.com/properties/2941-s-ponte-vedra-boulevard-ponte-vedra-beach-sn1ind,,none,"not published on new site (2941 S Ponte Vedra Boulevard, Ponte Vedra Beach FL); the Oct 2 old-site import brought every live old listing in as a draft at the same slug unless skipped, so this is most likely a draft on new site. Today the legacy redirect sends it to /newsite/properties (302) until published"
https://www.savvy-agents.com/properties/6698-nassau-st-saint-augustine-e4n80s,,none,"not published on new site (6698 Nassau St, Saint Augustine FL); the Oct 2 old-site import brought every live old listing in as a draft at the same slug unless skipped, so this is most likely a draft on new site. Today the legacy redirect sends it to /newsite/properties (302) until published"
https://www.savvy-agents.com/properties/12-f-street-saint-augustine-8buoiz,,none,"not published on new site (12 F Street, Saint Augustine FL); the Oct 2 old-site import brought every live old listing in as a draft at the same slug unless skipped, so this is most likely a draft on new site. Today the legacy redirect sends it to /newsite/properties (302) until published"
https://www.savvy-agents.com/properties/1145-ski-view-ln-sevierville-jtnzr8,,none,"not published on new site (1145 Ski View Ln, Sevierville TN); the Oct 2 old-site import brought every live old listing in as a draft at the same slug unless skipped, so this is most likely a draft on new site. Today the legacy redirect sends it to /newsite/properties (302) until published"
https://www.savvy-agents.com/properties/23972-perdido-beach-blvd-2104-orange-beach-a66jev,,none,"not published on new site (23972 Perdido Beach Blvd #2104, Orange Beach AL); the Oct 2 old-site import brought every live old listing in as a draft at the same slug unless skipped, so this is most likely a draft on new site. Today the legacy redirect sends it to /newsite/properties (302) until published"
https://www.savvy-agents.com/properties/26302-perdido-beach-blvd-apt-d1807-orange-beach-sjq65r,,none,"not published on new site (26302 Perdido Beach Blvd Apt D1807, Orange Beach AL); the Oct 2 old-site import brought every live old listing in as a draft at the same slug unless skipped, so this is most likely a draft on new site. Today the legacy redirect sends it to /newsite/properties (302) until published"
https://www.savvy-agents.com/properties/819-tunbridge-dr-bentonville-50ncwm,,none,"not published on new site (819 Tunbridge Dr, Bentonville AR); the Oct 2 old-site import brought every live old listing in as a draft at the same slug unless skipped, so this is most likely a draft on new site. Today the legacy redirect sends it to /newsite/properties (302) until published"
https://www.savvy-agents.com/properties/16-shoreland-dr-key-largo-b8g5mu,,none,"not published on new site (16 Shoreland Dr, Key Largo FL); the Oct 2 old-site import brought every live old listing in as a draft at the same slug unless skipped, so this is most likely a draft on new site. Today the legacy redirect sends it to /newsite/properties (302) until published"
https://www.savvy-agents.com/properties/25-rymshaw-drive-palm-coast-wcpbsa,,none,"not published on new site (25 Rymshaw Drive, Palm Coast FL); the Oct 2 old-site import brought every live old listing in as a draft at the same slug unless skipped, so this is most likely a draft on new site. Today the legacy redirect sends it to /newsite/properties (302) until published"
https://www.savvy-agents.com/properties/95-providence-lane-palm-coast-apg9tq,,none,"not published on new site (95 Providence Lane, Palm Coast FL); the Oct 2 old-site import brought every live old listing in as a draft at the same slug unless skipped, so this is most likely a draft on new site. Today the legacy redirect sends it to /newsite/properties (302) until published"
https://www.savvy-agents.com/properties/183-middle-view-trl-s-columbia-falls-6naz7w,,none,"not published on new site (183 Middle View Trl S, Columbia Falls MT); the Oct 2 old-site import brought every live old listing in as a draft at the same slug unless skipped, so this is most likely a draft on new site. Today the legacy redirect sends it to /newsite/properties (302) until published"
https://www.savvy-agents.com/properties/141-ward-st-port-saint-joe-03dgqk,,none,"not published on new site (141 Ward St, Port Saint Joe FL); the Oct 2 old-site import brought every live old listing in as a draft at the same slug unless skipped, so this is most likely a draft on new site. Today the legacy redirect sends it to /newsite/properties (302) until published"
https://www.savvy-agents.com/properties/442-silver-maple-ln-gatlinburg-5mhqon,,none,"not published on new site (442 Silver Maple Ln, Gatlinburg TN); the Oct 2 old-site import brought every live old listing in as a draft at the same slug unless skipped, so this is most likely a draft on new site. Today the legacy redirect sends it to /newsite/properties (302) until published"
https://www.savvy-agents.com/properties/12-hemlock-ct-gouldsboro-d5pyff,,none,"not published on new site (12 Hemlock Ct, Gouldsboro PA); the Oct 2 old-site import brought every live old listing in as a draft at the same slug unless skipped, so this is most likely a draft on new site. Today the legacy redirect sends it to /newsite/properties (302) until published"
https://www.savvy-agents.com/properties/9-winding-way-albrightsville-5gkbc3,,none,"not published on new site (9 Winding Way, Albrightsville PA); the Oct 2 old-site import brought every live old listing in as a draft at the same slug unless skipped, so this is most likely a draft on new site. Today the legacy redirect sends it to /newsite/properties (302) until published"
https://www.savvy-agents.com/properties/105-se-58th-street-8204-oak-island-ssditz,,none,"not published on new site (105 Se 58th Street #8204, Oak Island NC); the Oct 2 old-site import brought every live old listing in as a draft at the same slug unless skipped, so this is most likely a draft on new site. Today the legacy redirect sends it to /newsite/properties (302) until published"
https://www.savvy-agents.com/properties/707-n-1490-e-heber-wn9y7n,https://home.savvy-agents.com/newsite/properties/1490-east-heber-city-ut,renamed,"same house (707 N 1490 E, Heber) published under a different slug; in shared/websitePathRedirects.ts (one 301 hop from the old URL)"
https://www.savvy-agents.com/properties/43-big-bass-dr-gouldsboro-8fwc29,,none,"not published on new site (43 Big Bass Dr, Gouldsboro PA); the Oct 2 old-site import brought every live old listing in as a draft at the same slug unless skipped, so this is most likely a draft on new site. Today the legacy redirect sends it to /newsite/properties (302) until published"
https://www.savvy-agents.com/properties/2943-lightning-strike-dr-sevierville-i9p1uj,,none,"not published on new site (2943 Lightning Strike Dr, Sevierville TN); the Oct 2 old-site import brought every live old listing in as a draft at the same slug unless skipped, so this is most likely a draft on new site. Today the legacy redirect sends it to /newsite/properties (302) until published"
https://www.savvy-agents.com/properties/360-e-overlook-ln-glendale-t7in53,https://home.savvy-agents.com/newsite/properties/360-e-overlook-ln-glendale-t7in53,exact-slug,published on new site
https://www.savvy-agents.com/properties/2116-berry-houston-pfwhp6,,none,"not published on new site (2116 Berry, Houston TX); the Oct 2 old-site import brought every live old listing in as a draft at the same slug unless skipped, so this is most likely a draft on new site. Today the legacy redirect sends it to /newsite/properties (302) until published"
https://www.savvy-agents.com/properties/416-morningside-dr-crocker-raatvg,,none,"not published on new site (416 Morningside Dr, Crocker MO); the Oct 2 old-site import brought every live old listing in as a draft at the same slug unless skipped, so this is most likely a draft on new site. Today the legacy redirect sends it to /newsite/properties (302) until published"
https://www.savvy-agents.com/properties/6029-boardwalk-dr-tobyhanna-uwb7en,,none,"not published on new site (6029 Boardwalk Dr, Tobyhanna PA); the Oct 2 old-site import brought every live old listing in as a draft at the same slug unless skipped, so this is most likely a draft on new site. Today the legacy redirect sends it to /newsite/properties (302) until published"
https://www.savvy-agents.com/properties/51-w-new-york-ave-villas-4dy5yy,,none,"not published on new site (51 W New York Ave, Villas NJ); the Oct 2 old-site import brought every live old listing in as a draft at the same slug unless skipped, so this is most likely a draft on new site. Today the legacy redirect sends it to /newsite/properties (302) until published"
https://www.savvy-agents.com/properties/148-w-new-jersey-ave-villas-c0dyz6,,none,"not published on new site (148 W New Jersey Ave, Villas NJ); the Oct 2 old-site import brought every live old listing in as a draft at the same slug unless skipped, so this is most likely a draft on new site. Today the legacy redirect sends it to /newsite/properties (302) until published"
https://www.savvy-agents.com/properties/2214-towering-hemlock-dr-sevierville-kan67p,,none,"not published on new site (2214 Towering Hemlock Dr, Sevierville TN); the Oct 2 old-site import brought every live old listing in as a draft at the same slug unless skipped, so this is most likely a draft on new site. Today the legacy redirect sends it to /newsite/properties (302) until published"
https://www.savvy-agents.com/properties/2971-legacy-vista-dr-sevierville-jku15d,,none,"not published on new site (2971 Legacy Vista Dr, Sevierville TN); the Oct 2 old-site import brought every live old listing in as a draft at the same slug unless skipped, so this is most likely a draft on new site. Today the legacy redirect sends it to /newsite/properties (302) until published"
https://www.savvy-agents.com/properties/26750-perdido-beach-blvd-unit-305-orange-beach-158yws,,none,"not published on new site (26750 Perdido Beach Blvd Unit 305, Orange Beach AL); the Oct 2 old-site import brought every live old listing in as a draft at the same slug unless skipped, so this is most likely a draft on new site. Today the legacy redirect sends it to /newsite/properties (302) until published"
https://www.savvy-agents.com/properties/2330-w-beach-drive-oak-island-zu3caq,,none,"not published on new site (2330 W Beach Drive, Oak Island NC); the Oct 2 old-site import brought every live old listing in as a draft at the same slug unless skipped, so this is most likely a draft on new site. Today the legacy redirect sends it to /newsite/properties (302) until published"
https://www.savvy-agents.com/properties/701-e-electric-st-rogers-xckmaq,,none,"not published on new site (701 E Electric St, Rogers AR); the Oct 2 old-site import brought every live old listing in as a draft at the same slug unless skipped, so this is most likely a draft on new site. Today the legacy redirect sends it to /newsite/properties (302) until published"
https://www.savvy-agents.com/properties/1529-majestic-mountain-dr-sevierville-o2gusj,,none,"not published on new site (1529 Majestic Mountain Dr, Sevierville TN); the Oct 2 old-site import brought every live old listing in as a draft at the same slug unless skipped, so this is most likely a draft on new site. Today the legacy redirect sends it to /newsite/properties (302) until published"
https://www.savvy-agents.com/properties/2124-e-3rd-drive-mesa-sk8krh,,none,"not published on new site (2124 E 3rd Drive, Mesa AZ); the Oct 2 old-site import brought every live old listing in as a draft at the same slug unless skipped, so this is most likely a draft on new site. Today the legacy redirect sends it to /newsite/properties (302) until published"
https://www.savvy-agents.com/properties/936-s-linda-circle-mesa-oucnad,,none,"not published on new site (936 S Linda Circle, Mesa AZ); the Oct 2 old-site import brought every live old listing in as a draft at the same slug unless skipped, so this is most likely a draft on new site. Today the legacy redirect sends it to /newsite/properties (302) until published"
https://www.savvy-agents.com/properties/500-burton-dr-4208-tavernier-mtztsf,,none,"not published on new site (500 Burton Dr #4208, Tavernier FL); the Oct 2 old-site import brought every live old listing in as a draft at the same slug unless skipped, so this is most likely a draft on new site. Today the legacy redirect sends it to /newsite/properties (302) until published"
https://www.savvy-agents.com/properties/2055-n-fox-hill-road-flagstaff-43u7f6,,none,"not published on new site (2055 N Fox Hill Road, Flagstaff AZ); the Oct 2 old-site import brought every live old listing in as a draft at the same slug unless skipped, so this is most likely a draft on new site. Today the legacy redirect sends it to /newsite/properties (302) until published"
https://www.savvy-agents.com/properties/8150-n-masters-lane-flagstaff-k0iwzv,,none,"not published on new site (8150 N Masters Lane, Flagstaff AZ); the Oct 2 old-site import brought every live old listing in as a draft at the same slug unless skipped, so this is most likely a draft on new site. Today the legacy redirect sends it to /newsite/properties (302) until published"
https://www.savvy-agents.com/properties/100-e-second-street-ocean-isle-beach-6ypm14,,none,"not published on new site (100 E Second Street, Ocean Isle Beach NC); the Oct 2 old-site import brought every live old listing in as a draft at the same slug unless skipped, so this is most likely a draft on new site. Today the legacy redirect sends it to /newsite/properties (302) until published"
https://www.savvy-agents.com/properties/3143-smoky-ridge-way-sevierville-qd9mt5,,none,"not published on new site (3143 Smoky Ridge Way, Sevierville TN); the Oct 2 old-site import brought every live old listing in as a draft at the same slug unless skipped, so this is most likely a draft on new site. Today the legacy redirect sends it to /newsite/properties (302) until published"
https://www.savvy-agents.com/properties/76-club-house-dr-palm-coast-tbsec0,,none,"not published on new site (76 Club House Dr, Palm Coast FL); the Oct 2 old-site import brought every live old listing in as a draft at the same slug unless skipped, so this is most likely a draft on new site. Today the legacy redirect sends it to /newsite/properties (302) until published"
https://www.savvy-agents.com/properties/4330-vista-ave-saint-louis-jus5me,,none,"not published on new site (4330 Vista Ave, Saint Louis MO); the Oct 2 old-site import brought every live old listing in as a draft at the same slug unless skipped, so this is most likely a draft on new site. Today the legacy redirect sends it to /newsite/properties (302) until published"
https://www.savvy-agents.com/properties/1016-fontana-rd-bryson-city-tbp0a7,,none,"not published on new site (1016 Fontana Rd, Bryson City NC); the Oct 2 old-site import brought every live old listing in as a draft at the same slug unless skipped, so this is most likely a draft on new site. Today the legacy redirect sends it to /newsite/properties (302) until published"
https://www.savvy-agents.com/properties/115-w-10th-st-m-gulf-shores-ndxqnd,,none,"not published on new site (115 W 10th St #M, Gulf Shores AL); the Oct 2 old-site import brought every live old listing in as a draft at the same slug unless skipped, so this is most likely a draft on new site. Today the legacy redirect sends it to /newsite/properties (302) until published"
https://www.savvy-agents.com/properties/1355-w-lagoon-ave-gulf-shores-xsveem,,none,"not published on new site (1355 W Lagoon Ave, Gulf Shores AL); the Oct 2 old-site import brought every live old listing in as a draft at the same slug unless skipped, so this is most likely a draft on new site. Today the legacy redirect sends it to /newsite/properties (302) until published"
https://www.savvy-agents.com/properties/3-ferdinand-ln-palm-coast-e823ef,,none,"not published on new site (3 Ferdinand Ln, Palm Coast FL); the Oct 2 old-site import brought every live old listing in as a draft at the same slug unless skipped, so this is most likely a draft on new site. Today the legacy redirect sends it to /newsite/properties (302) until published"
https://www.savvy-agents.com/properties/54-baltimore-ln-palm-coast-xvl29q,,none,"not published on new site (54 Baltimore Ln, Palm Coast FL); the Oct 2 old-site import brought every live old listing in as a draft at the same slug unless skipped, so this is most likely a draft on new site. Today the legacy redirect sends it to /newsite/properties (302) until published"
https://www.savvy-agents.com/properties/303-w-juniper-avenue-flagstaff-o9w6ju,,none,"not published on new site (303 W Juniper Avenue, Flagstaff AZ); the Oct 2 old-site import brought every live old listing in as a draft at the same slug unless skipped, so this is most likely a draft on new site. Today the legacy redirect sends it to /newsite/properties (302) until published"
https://www.savvy-agents.com/properties/2251-upper-middle-creek-rd-23-sevierville-pvpy2k,,none,"not published on new site (2251 Upper Middle Creek Rd #23, Sevierville TN); the Oct 2 old-site import brought every live old listing in as a draft at the same slug unless skipped, so this is most likely a draft on new site. Today the legacy redirect sends it to /newsite/properties (302) until published"
https://www.savvy-agents.com/properties/1876-billard-way-sevierville-1jod1d,,none,"not published on new site (1876 Billard Way, Sevierville TN); the Oct 2 old-site import brought every live old listing in as a draft at the same slug unless skipped, so this is most likely a draft on new site. Today the legacy redirect sends it to /newsite/properties (302) until published"
https://www.savvy-agents.com/properties/3114-canterbury-ln-montgomery-qma8p0,,none,"not published on new site (3114 Canterbury Ln, Montgomery TX); the Oct 2 old-site import brought every live old listing in as a draft at the same slug unless skipped, so this is most likely a draft on new site. Today the legacy redirect sends it to /newsite/properties (302) until published"
https://www.savvy-agents.com/properties/5515-e-beach-drive-oak-island-8tvgd6,,none,"not published on new site (5515 E Beach Drive, Oak Island NC); the Oct 2 old-site import brought every live old listing in as a draft at the same slug unless skipped, so this is most likely a draft on new site. Today the legacy redirect sends it to /newsite/properties (302) until published"
https://www.savvy-agents.com/properties/946-140-83-honeysuckle-rdg-almond-g1cwyy,,none,"not published on new site (946-140 83 Honeysuckle Rdg, Almond NC); the Oct 2 old-site import brought every live old listing in as a draft at the same slug unless skipped, so this is most likely a draft on new site. Today the legacy redirect sends it to /newsite/properties (302) until published"
https://www.savvy-agents.com/properties/27-29-brown-rd-31-a-b-asheville-4nmysv,,none,"not published on new site (27-29 Brown Rd #31-A/B, Asheville NC); the Oct 2 old-site import brought every live old listing in as a draft at the same slug unless skipped, so this is most likely a draft on new site. Today the legacy redirect sends it to /newsite/properties (302) until published"
https://www.savvy-agents.com/properties/16-cherrytree-ct-palm-coast-aq8sqk,,none,"not published on new site (16 Cherrytree Ct, Palm Coast FL); the Oct 2 old-site import brought every live old listing in as a draft at the same slug unless skipped, so this is most likely a draft on new site. Today the legacy redirect sends it to /newsite/properties (302) until published"
https://www.savvy-agents.com/properties/54-topside-dr-inlet-beach-6uqagi,,none,"not published on new site (54 Topside Dr, Inlet Beach FL); the Oct 2 old-site import brought every live old listing in as a draft at the same slug unless skipped, so this is most likely a draft on new site. Today the legacy redirect sends it to /newsite/properties (302) until published"
https://www.savvy-agents.com/properties/219-s-atlantic-avenue-412-daytona-beach-epg9te,,none,"not published on new site (219 S Atlantic Avenue #412, Daytona Beach FL); the Oct 2 old-site import brought every live old listing in as a draft at the same slug unless skipped, so this is most likely a draft on new site. Today the legacy redirect sends it to /newsite/properties (302) until published"
https://www.savvy-agents.com/properties/318-e-beach-drive-oak-island-wjozhs,,none,"not published on new site (318 E Beach Drive, Oak Island NC); the Oct 2 old-site import brought every live old listing in as a draft at the same slug unless skipped, so this is most likely a draft on new site. Today the legacy redirect sends it to /newsite/properties (302) until published"
https://www.savvy-agents.com/properties/5830-ne-14th-rd-fort-lauderdale-l0vrca,,none,"not published on new site (5830 Ne 14th Rd, Fort Lauderdale FL); the Oct 2 old-site import brought every live old listing in as a draft at the same slug unless skipped, so this is most likely a draft on new site. Today the legacy redirect sends it to /newsite/properties (302) until published"
https://www.savvy-agents.com/properties/2193-osprey-isle-ln-sw-ocean-isle-beach-uz2x3n,,none,"not published on new site (2193 Osprey Isle Ln Sw, Ocean Isle Beach NC); the Oct 2 old-site import brought every live old listing in as a draft at the same slug unless skipped, so this is most likely a draft on new site. Today the legacy redirect sends it to /newsite/properties (302) until published"
https://www.savvy-agents.com/properties/69497-us-highway-50-mcarthur-8lvp1d,,none,"not published on new site (69497 Us Highway 50, Mcarthur OH); the Oct 2 old-site import brought every live old listing in as a draft at the same slug unless skipped, so this is most likely a draft on new site. Today the legacy redirect sends it to /newsite/properties (302) until published"
https://www.savvy-agents.com/properties/14-port-lane-palm-coast-9ictda,,none,"not published on new site (14 Port Lane, Palm Coast FL); the Oct 2 old-site import brought every live old listing in as a draft at the same slug unless skipped, so this is most likely a draft on new site. Today the legacy redirect sends it to /newsite/properties (302) until published"
https://www.savvy-agents.com/properties/7-folcroft-ln-palm-coast-dms62a,,none,"not published on new site (7 Folcroft Ln, Palm Coast FL); the Oct 2 old-site import brought every live old listing in as a draft at the same slug unless skipped, so this is most likely a draft on new site. Today the legacy redirect sends it to /newsite/properties (302) until published"
https://www.savvy-agents.com/properties/3297-duncan-spring-rd-sevierville-y7irg2,,none,"not published on new site (3297 Duncan Spring Rd, Sevierville TN); the Oct 2 old-site import brought every live old listing in as a draft at the same slug unless skipped, so this is most likely a draft on new site. Today the legacy redirect sends it to /newsite/properties (302) until published"
https://www.savvy-agents.com/properties/15-morningdale-dr-travelers-rest-8098ba,,none,"not published on new site (15 Morningdale Dr, Travelers Rest SC); the Oct 2 old-site import brought every live old listing in as a draft at the same slug unless skipped, so this is most likely a draft on new site. Today the legacy redirect sends it to /newsite/properties (302) until published"
https://www.savvy-agents.com/properties/350-n-atlantic-ave-apt-2328-daytona-beach-nw5nw4,,none,"not published on new site (350 N Atlantic Ave Apt 2328, Daytona Beach FL); the Oct 2 old-site import brought every live old listing in as a draft at the same slug unless skipped, so this is most likely a draft on new site. Today the legacy redirect sends it to /newsite/properties (302) until published"
https://www.savvy-agents.com/properties/184-sir-bradford-rd-pocono-lake-cg9qce,,none,"not published on new site (184 Sir Bradford Rd, Pocono Lake PA); the Oct 2 old-site import brought every live old listing in as a draft at the same slug unless skipped, so this is most likely a draft on new site. Today the legacy redirect sends it to /newsite/properties (302) until published"
https://www.savvy-agents.com/properties/1037-s-main-st-mars-hill-lsawdp,,none,"not published on new site (1037 S Main St, Mars Hill NC); the Oct 2 old-site import brought every live old listing in as a draft at the same slug unless skipped, so this is most likely a draft on new site. Today the legacy redirect sends it to /newsite/properties (302) until published"
https://www.savvy-agents.com/properties/419-summit-trail-banner-elk-qecmvi,,none,"not published on new site (419 Summit Trail, Banner Elk NC); the Oct 2 old-site import brought every live old listing in as a draft at the same slug unless skipped, so this is most likely a draft on new site. Today the legacy redirect sends it to /newsite/properties (302) until published"
https://www.savvy-agents.com/properties/301-hardwick-branch-rd-marshall-ny36ow,,none,"not published on new site (301 Hardwick Branch Rd, Marshall NC); the Oct 2 old-site import brought every live old listing in as a draft at the same slug unless skipped, so this is most likely a draft on new site. Today the legacy redirect sends it to /newsite/properties (302) until published"
https://www.savvy-agents.com/properties/305-wimico-dr-indian-harbour-beach-33z6o2,,none,"not published on new site (305 Wimico Dr, Indian Harbour Beach FL); the Oct 2 old-site import brought every live old listing in as a draft at the same slug unless skipped, so this is most likely a draft on new site. Today the legacy redirect sends it to /newsite/properties (302) until published"
https://www.savvy-agents.com/properties/708-weldwood-road-jupiter-0cy9yq,,none,"not published on new site (708 Weldwood Road, Jupiter FL); the Oct 2 old-site import brought every live old listing in as a draft at the same slug unless skipped, so this is most likely a draft on new site. Today the legacy redirect sends it to /newsite/properties (302) until published"
https://www.savvy-agents.com/properties/248-e-4th-ave-columbus-3b75kn,,none,"not published on new site (248 E 4th Ave, Columbus OH); the Oct 2 old-site import brought every live old listing in as a draft at the same slug unless skipped, so this is most likely a draft on new site. Today the legacy redirect sends it to /newsite/properties (302) until published"
https://www.savvy-agents.com/properties/6011-w-beach-drive-oak-island-s3wfgb,,none,"not published on new site (6011 W Beach Drive, Oak Island NC); the Oct 2 old-site import brought every live old listing in as a draft at the same slug unless skipped, so this is most likely a draft on new site. Today the legacy redirect sends it to /newsite/properties (302) until published"
https://www.savvy-agents.com/properties/126-w-beach-drive-oak-island-0ijq3z,,none,"not published on new site (126 W Beach Drive, Oak Island NC); the Oct 2 old-site import brought every live old listing in as a draft at the same slug unless skipped, so this is most likely a draft on new site. Today the legacy redirect sends it to /newsite/properties (302) until published"
https://www.savvy-agents.com/properties/505-coronado-way-indian-harbour-beach-cqmn5i,,none,"not published on new site (505 Coronado Way, Indian Harbour Beach FL); the Oct 2 old-site import brought every live old listing in as a draft at the same slug unless skipped, so this is most likely a draft on new site. Today the legacy redirect sends it to /newsite/properties (302) until published"
https://www.savvy-agents.com/properties/120-paisano-road-sedona-ho167d,,none,"not published on new site (120 Paisano Road, Sedona AZ); the Oct 2 old-site import brought every live old listing in as a draft at the same slug unless skipped, so this is most likely a draft on new site. Today the legacy redirect sends it to /newsite/properties (302) until published"
https://www.savvy-agents.com/properties/110-essex-avenue-sedona-zitutz,,none,"not published on new site (110 Essex Avenue, Sedona AZ); the Oct 2 old-site import brought every live old listing in as a draft at the same slug unless skipped, so this is most likely a draft on new site. Today the legacy redirect sends it to /newsite/properties (302) until published"
https://www.savvy-agents.com/properties/90-yucca-drive-sedona-bpqho1,,none,"not published on new site (90 Yucca Drive, Sedona AZ); the Oct 2 old-site import brought every live old listing in as a draft at the same slug unless skipped, so this is most likely a draft on new site. Today the legacy redirect sends it to /newsite/properties (302) until published"
https://www.savvy-agents.com/properties/212-ferryboat-ln-new-braunfels-4co66q,,none,"not published on new site (212 Ferryboat Ln, New Braunfels TX); the Oct 2 old-site import brought every live old listing in as a draft at the same slug unless skipped, so this is most likely a draft on new site. Today the legacy redirect sends it to /newsite/properties (302) until published"
https://www.savvy-agents.com/properties/35-dogwood-riverside-dr-blue-ridge-9ygzgh,,none,"not published on new site (35 Dogwood Riverside Dr, Blue Ridge GA); the Oct 2 old-site import brought every live old listing in as a draft at the same slug unless skipped, so this is most likely a draft on new site. Today the legacy redirect sends it to /newsite/properties (302) until published"
https://www.savvy-agents.com/properties/1100-mooring-rd-columbia-falls-wfaj1f,,none,"not published on new site (1100 Mooring Rd, Columbia Falls MT); the Oct 2 old-site import brought every live old listing in as a draft at the same slug unless skipped, so this is most likely a draft on new site. Today the legacy redirect sends it to /newsite/properties (302) until published"
https://www.savvy-agents.com/properties/1124-kentucky-ave-saint-louis-as1bjq,,none,"not published on new site (1124 Kentucky Ave, Saint Louis MO); the Oct 2 old-site import brought every live old listing in as a draft at the same slug unless skipped, so this is most likely a draft on new site. Today the legacy redirect sends it to /newsite/properties (302) until published"
https://www.savvy-agents.com/properties/364-haywood-rd-dillsboro-es6gqg,,none,"not published on new site (364 Haywood Rd, Dillsboro NC); the Oct 2 old-site import brought every live old listing in as a draft at the same slug unless skipped, so this is most likely a draft on new site. Today the legacy redirect sends it to /newsite/properties (302) until published"
https://www.savvy-agents.com/properties/10-chelsea-court-palm-coast-o7a1xb,,none,"not published on new site (10 Chelsea Court, Palm Coast FL); the Oct 2 old-site import brought every live old listing in as a draft at the same slug unless skipped, so this is most likely a draft on new site. Today the legacy redirect sends it to /newsite/properties (302) until published"
https://www.savvy-agents.com/properties/8108-americus-ave-port-saint-joe-25qhft,,none,"not published on new site (8108 Americus Ave, Port Saint Joe FL); the Oct 2 old-site import brought every live old listing in as a draft at the same slug unless skipped, so this is most likely a draft on new site. Today the legacy redirect sends it to /newsite/properties (302) until published"
https://www.savvy-agents.com/properties/31-s-summer-star-ct-the-woodlands-hpb7tp,,none,"not published on new site (31 S Summer Star Ct, The Woodlands TX); the Oct 2 old-site import brought every live old listing in as a draft at the same slug unless skipped, so this is most likely a draft on new site. Today the legacy redirect sends it to /newsite/properties (302) until published"
https://www.savvy-agents.com/properties/5445-landis-ave-port-orange-d9ih6g,,none,"not published on new site (5445 Landis Ave, Port Orange FL); the Oct 2 old-site import brought every live old listing in as a draft at the same slug unless skipped, so this is most likely a draft on new site. Today the legacy redirect sends it to /newsite/properties (302) until published"
https://www.savvy-agents.com/properties/2138-kerr-rd-sevierville-91lzsf,,none,"not published on new site (2138 Kerr Rd, Sevierville TN); the Oct 2 old-site import brought every live old listing in as a draft at the same slug unless skipped, so this is most likely a draft on new site. Today the legacy redirect sends it to /newsite/properties (302) until published"
https://www.savvy-agents.com/properties/20-howland-lane-east-sandwich-vujppb,,none,"not published on new site (20 Howland Lane, East Sandwich MA); the Oct 2 old-site import brought every live old listing in as a draft at the same slug unless skipped, so this is most likely a draft on new site. Today the legacy redirect sends it to /newsite/properties (302) until published"
https://www.savvy-agents.com/properties/24-e-harbor-dr-east-falmouth-6lhj4u,,none,"not published on new site (24 E Harbor Dr, East Falmouth MA); the Oct 2 old-site import brought every live old listing in as a draft at the same slug unless skipped, so this is most likely a draft on new site. Today the legacy redirect sends it to /newsite/properties (302) until published"
https://www.savvy-agents.com/properties/3379-robeson-rd-sevierville-930vej,,none,"not published on new site (3379 Robeson Rd, Sevierville TN); the Oct 2 old-site import brought every live old listing in as a draft at the same slug unless skipped, so this is most likely a draft on new site. Today the legacy redirect sends it to /newsite/properties (302) until published"
https://www.savvy-agents.com/properties/3823-dollys-dr-sevierville-vcnstd,,none,"not published on new site (3823 Dollys Dr, Sevierville TN); the Oct 2 old-site import brought every live old listing in as a draft at the same slug unless skipped, so this is most likely a draft on new site. Today the legacy redirect sends it to /newsite/properties (302) until published"
https://www.savvy-agents.com/properties/712-bear-walk-way-gatlinburg-sawv5w,,none,"not published on new site (712 Bear Walk Way, Gatlinburg TN); the Oct 2 old-site import brought every live old listing in as a draft at the same slug unless skipped, so this is most likely a draft on new site. Today the legacy redirect sends it to /newsite/properties (302) until published"
https://www.savvy-agents.com/properties/1543-boo-boos-way-sevierville-pk155o,,none,"not published on new site (1543 Boo Boos Way, Sevierville TN); the Oct 2 old-site import brought every live old listing in as a draft at the same slug unless skipped, so this is most likely a draft on new site. Today the legacy redirect sends it to /newsite/properties (302) until published"
https://www.savvy-agents.com/properties/1041-vista-dr-sevierville-ipigae,,none,"not published on new site (1041 Vista Dr, Sevierville TN); the Oct 2 old-site import brought every live old listing in as a draft at the same slug unless skipped, so this is most likely a draft on new site. Today the legacy redirect sends it to /newsite/properties (302) until published"
https://www.savvy-agents.com/properties/5518-e-beach-drive-oak-island-gub2qp,,none,"not published on new site (5518 E Beach Drive, Oak Island NC); the Oct 2 old-site import brought every live old listing in as a draft at the same slug unless skipped, so this is most likely a draft on new site. Today the legacy redirect sends it to /newsite/properties (302) until published"
https://www.savvy-agents.com/properties/165-keats-ln-albrightsville-zxc6ue,,none,"not published on new site (165 Keats Ln, Albrightsville PA); the Oct 2 old-site import brought every live old listing in as a draft at the same slug unless skipped, so this is most likely a draft on new site. Today the legacy redirect sends it to /newsite/properties (302) until published"
https://www.savvy-agents.com/properties/835-copa-d-oro-marathon-f2ood6,,none,"not published on new site (835 Copa D Oro, Marathon FL); the Oct 2 old-site import brought every live old listing in as a draft at the same slug unless skipped, so this is most likely a draft on new site. Today the legacy redirect sends it to /newsite/properties (302) until published"
https://www.savvy-agents.com/properties/300-n-atlantic-ave-1409-daytona-beach-h898w3,,none,"not published on new site (300 N Atlantic Ave #1409, Daytona Beach FL); the Oct 2 old-site import brought every live old listing in as a draft at the same slug unless skipped, so this is most likely a draft on new site. Today the legacy redirect sends it to /newsite/properties (302) until published"
https://www.savvy-agents.com/properties/333-still-creek-trl-dahlonega-xkypgh,,none,"not published on new site (333 Still Creek Trl, Dahlonega GA); the Oct 2 old-site import brought every live old listing in as a draft at the same slug unless skipped, so this is most likely a draft on new site. Today the legacy redirect sends it to /newsite/properties (302) until published"
https://www.savvy-agents.com/properties/503-ranch-mountain-dr-dahlonega-nfnakz,,none,"not published on new site (503 Ranch Mountain Dr, Dahlonega GA); the Oct 2 old-site import brought every live old listing in as a draft at the same slug unless skipped, so this is most likely a draft on new site. Today the legacy redirect sends it to /newsite/properties (302) until published"
https://www.savvy-agents.com/properties/modern-treehouse-str-morganton-7h9agf,,none,"not published on new site (193 Garren Cove Rd, Morganton GA); the Oct 2 old-site import brought every live old listing in as a draft at the same slug unless skipped, so this is most likely a draft on new site. Today the legacy redirect sends it to /newsite/properties (302) until published"
https://www.savvy-agents.com/properties/287-boulevard-des-pins-saint-augustine-b8dluz,,none,"not published on new site (287 Boulevard Des Pins, Saint Augustine FL); the Oct 2 old-site import brought every live old listing in as a draft at the same slug unless skipped, so this is most likely a draft on new site. Today the legacy redirect sends it to /newsite/properties (302) until published"
https://www.savvy-agents.com/properties/5484-1st-st-saint-augustine-tznyjf,,none,"not published on new site (5484 1st St, Saint Augustine FL); the Oct 2 old-site import brought every live old listing in as a draft at the same slug unless skipped, so this is most likely a draft on new site. Today the legacy redirect sends it to /newsite/properties (302) until published"
https://www.savvy-agents.com/properties/15-sea-park-dr-saint-augustine-e5v4p6,,none,"not published on new site (15 Sea Park Dr, Saint Augustine FL); the Oct 2 old-site import brought every live old listing in as a draft at the same slug unless skipped, so this is most likely a draft on new site. Today the legacy redirect sends it to /newsite/properties (302) until published"
https://www.savvy-agents.com/properties/1637-lamons-loop-sevierville-y1uv7q,,none,"not published on new site (1637 Lamons Loop, Sevierville TN); the Oct 2 old-site import brought every live old listing in as a draft at the same slug unless skipped, so this is most likely a draft on new site. Today the legacy redirect sends it to /newsite/properties (302) until published"
https://www.savvy-agents.com/properties/3234-dolphin-dr-gulf-shores-kfl4bk,,none,"not published on new site (3234 Dolphin Dr, Gulf Shores AL); the Oct 2 old-site import brought every live old listing in as a draft at the same slug unless skipped, so this is most likely a draft on new site. Today the legacy redirect sends it to /newsite/properties (302) until published"
https://www.savvy-agents.com/properties/120-blackburn-rd-w-irmo-sq50m4,,none,"not published on new site (120 Blackburn Rd W, Irmo SC); the Oct 2 old-site import brought every live old listing in as a draft at the same slug unless skipped, so this is most likely a draft on new site. Today the legacy redirect sends it to /newsite/properties (302) until published"
https://www.savvy-agents.com/properties/186-23rd-avenue-vero-beach-t1f67l,,none,"not published on new site (186 23rd Avenue, Vero Beach FL); the Oct 2 old-site import brought every live old listing in as a draft at the same slug unless skipped, so this is most likely a draft on new site. Today the legacy redirect sends it to /newsite/properties (302) until published"
https://www.savvy-agents.com/properties/83-hunt-trl-albrightsville-t5nt8l,,none,"not published on new site (83 Hunt Trl, Albrightsville PA); the Oct 2 old-site import brought every live old listing in as a draft at the same slug unless skipped, so this is most likely a draft on new site. Today the legacy redirect sends it to /newsite/properties (302) until published"
https://www.savvy-agents.com/properties/135-ne-34th-street-oak-island-pctqvz,,none,"not published on new site (135 Ne 34th Street, Oak Island NC); the Oct 2 old-site import brought every live old listing in as a draft at the same slug unless skipped, so this is most likely a draft on new site. Today the legacy redirect sends it to /newsite/properties (302) until published"
https://www.savvy-agents.com/properties/291-e-greenwood-ave-columbus-1ztl55,,none,"not published on new site (291 E Greenwood Ave, Columbus OH); the Oct 2 old-site import brought every live old listing in as a draft at the same slug unless skipped, so this is most likely a draft on new site. Today the legacy redirect sends it to /newsite/properties (302) until published"
https://www.savvy-agents.com/properties/206-hamlet-dr-burnsville-y02jy8,,none,"not published on new site (206 Hamlet Dr, Burnsville NC); the Oct 2 old-site import brought every live old listing in as a draft at the same slug unless skipped, so this is most likely a draft on new site. Today the legacy redirect sends it to /newsite/properties (302) until published"
https://www.savvy-agents.com/properties/4626-nottingham-heights-way-pigeon-forge-jv2yrk,,none,"not published on new site (4626 Nottingham Heights Way, Pigeon Forge TN); the Oct 2 old-site import brought every live old listing in as a draft at the same slug unless skipped, so this is most likely a draft on new site. Today the legacy redirect sends it to /newsite/properties (302) until published"
https://www.savvy-agents.com/properties/2281-village-oak-canyon-lake-owstyy,,none,"not published on new site (2281 Village Oak, Canyon Lake TX); the Oct 2 old-site import brought every live old listing in as a draft at the same slug unless skipped, so this is most likely a draft on new site. Today the legacy redirect sends it to /newsite/properties (302) until published"
https://www.savvy-agents.com/properties/20-loblolly-ln-asheville-4tpj0n,,none,"not published on new site (20 Loblolly Ln, Asheville NC); the Oct 2 old-site import brought every live old listing in as a draft at the same slug unless skipped, so this is most likely a draft on new site. Today the legacy redirect sends it to /newsite/properties (302) until published"
https://www.savvy-agents.com/properties/1012-ravens-ford-way-sevierville-p1v8z8,,none,"not published on new site (1012 Ravens Ford Way, Sevierville TN); the Oct 2 old-site import brought every live old listing in as a draft at the same slug unless skipped, so this is most likely a draft on new site. Today the legacy redirect sends it to /newsite/properties (302) until published"
https://www.savvy-agents.com/properties/229-cherokee-path-way-sevierville-58onpn,,none,"not published on new site (229 Cherokee Path Way, Sevierville TN); the Oct 2 old-site import brought every live old listing in as a draft at the same slug unless skipped, so this is most likely a draft on new site. Today the legacy redirect sends it to /newsite/properties (302) until published"
https://www.savvy-agents.com/properties/607-orange-st-indianapolis-54r02k,,none,"not published on new site (607 Orange St, Indianapolis IN); the Oct 2 old-site import brought every live old listing in as a draft at the same slug unless skipped, so this is most likely a draft on new site. Today the legacy redirect sends it to /newsite/properties (302) until published"
https://www.savvy-agents.com/properties/224-bird-of-paradise-dr-palm-coast-ikfwr1,,none,"not published on new site (224 Bird Of Paradise Dr, Palm Coast FL); the Oct 2 old-site import brought every live old listing in as a draft at the same slug unless skipped, so this is most likely a draft on new site. Today the legacy redirect sends it to /newsite/properties (302) until published"
https://www.savvy-agents.com/properties/1125-lower-alpine-way-gatlinburg-6we93e,,none,"not published on new site (1125 Lower Alpine Way, Gatlinburg TN); the Oct 2 old-site import brought every live old listing in as a draft at the same slug unless skipped, so this is most likely a draft on new site. Today the legacy redirect sends it to /newsite/properties (302) until published"
https://www.savvy-agents.com/properties/460-boat-gunnel-rd-townsend-vzpr2x,,none,"not published on new site (460 Boat Gunnel Rd, Townsend TN); the Oct 2 old-site import brought every live old listing in as a draft at the same slug unless skipped, so this is most likely a draft on new site. Today the legacy redirect sends it to /newsite/properties (302) until published"
https://www.savvy-agents.com/properties/608-touchstone-circle-port-orange-3h6m91,https://home.savvy-agents.com/newsite/properties/608-touchstone-circle-port-orange,renamed,"same house (608 Touchstone Circle, Port Orange) published under a different slug; in shared/websitePathRedirects.ts (one 301 hop from the old URL)"
https://www.savvy-agents.com/properties/3-old-marina-drive-ocean-isle-beach-38dtrk,https://home.savvy-agents.com/newsite/properties/3-old-marina-drive-ocean-isle-beach,renamed,"same house (3 Old Marina Drive, Ocean Isle Beach) published under a different slug; in shared/websitePathRedirects.ts (one 301 hop from the old URL)"
https://www.savvy-agents.com/properties/337-ne-41st-street-oak-island-qdx155,https://home.savvy-agents.com/newsite/properties/337-ne-41st-street-oak-island,renamed,"same house (337 Ne 41st Street, Oak Island) published under a different slug; in shared/websitePathRedirects.ts (one 301 hop from the old URL)"
https://www.savvy-agents.com/properties/200-park-charles-blvd-s-saint-peters-xe0wds,https://home.savvy-agents.com/newsite/properties/200-park-charles-boulevard-saint-peters,renamed,"same house (200 Park Charles Blvd S, Saint Peters) published under a different slug; in shared/websitePathRedirects.ts (one 301 hop from the old URL)"
https://www.savvy-agents.com/properties/22-saint-mark-dr-saint-peters-z0d1iw,https://home.savvy-agents.com/newsite/properties/22-saint-mark-drive-saint-peters,renamed,"same house (22 Saint Mark Dr, Saint Peters) published under a different slug; in shared/websitePathRedirects.ts (one 301 hop from the old URL)"
https://www.savvy-agents.com/properties/229-jd-trl-candler-ggbz40,,none,"not published on new site (229 Jd Trl, Candler NC); the Oct 2 old-site import brought every live old listing in as a draft at the same slug unless skipped, so this is most likely a draft on new site. Today the legacy redirect sends it to /newsite/properties (302) until published"
https://www.savvy-agents.com/properties/581-10th-st-key-colony-beach-lng0gz,https://home.savvy-agents.com/newsite/properties/581-10th-street-key-colony-beach,renamed,"same house (581 10th St, Key Colony Beach) published under a different slug; in shared/websitePathRedirects.ts (one 301 hop from the old URL)"
https://www.savvy-agents.com/properties/91-gene-johnson-rd-saint-augustine-4csmf1,,none,"not published on new site (91 Gene Johnson Rd, Saint Augustine FL); the Oct 2 old-site import brought every live old listing in as a draft at the same slug unless skipped, so this is most likely a draft on new site. Today the legacy redirect sends it to /newsite/properties (302) until published"
https://www.savvy-agents.com/properties/2841-s-central-avenue-flagler-beach-vtklzq,,none,"not published on new site (2841 S Central Avenue, Flagler Beach FL); the Oct 2 old-site import brought every live old listing in as a draft at the same slug unless skipped, so this is most likely a draft on new site. Today the legacy redirect sends it to /newsite/properties (302) until published"
https://www.savvy-agents.com/properties/3809-twilight-way-pigeon-forge-yuobwc,,none,"not published on new site (3809 Twilight Way, Pigeon Forge TN); the Oct 2 old-site import brought every live old listing in as a draft at the same slug unless skipped, so this is most likely a draft on new site. Today the legacy redirect sends it to /newsite/properties (302) until published"
https://www.savvy-agents.com/properties/4109-sherwood-heights-way-pigeon-forge-mqupc6,,none,"not published on new site (4109 Sherwood Heights Way, Pigeon Forge TN); the Oct 2 old-site import brought every live old listing in as a draft at the same slug unless skipped, so this is most likely a draft on new site. Today the legacy redirect sends it to /newsite/properties (302) until published"
https://www.savvy-agents.com/properties/22939-provincial-blvd-katy-ufdwd6,,none,"not published on new site (22939 Provincial Blvd, Katy TX); the Oct 2 old-site import brought every live old listing in as a draft at the same slug unless skipped, so this is most likely a draft on new site. Today the legacy redirect sends it to /newsite/properties (302) until published"
https://www.savvy-agents.com/properties/701-nw-ford-ln-bentonville-o1hr2e,,none,"not published on new site (701 Nw Ford Ln, Bentonville AR); the Oct 2 old-site import brought every live old listing in as a draft at the same slug unless skipped, so this is most likely a draft on new site. Today the legacy redirect sends it to /newsite/properties (302) until published"
https://www.savvy-agents.com/properties/1102-nw-7th-st-bentonville-nnbqca,,none,"not published on new site (1102 Nw 7th St, Bentonville AR); the Oct 2 old-site import brought every live old listing in as a draft at the same slug unless skipped, so this is most likely a draft on new site. Today the legacy redirect sends it to /newsite/properties (302) until published"
https://www.savvy-agents.com/properties/303-beech-ridge-ln-gatlinburg-pi6tjm,,none,"not published on new site (303 Beech Ridge Ln, Gatlinburg TN); the Oct 2 old-site import brought every live old listing in as a draft at the same slug unless skipped, so this is most likely a draft on new site. Today the legacy redirect sends it to /newsite/properties (302) until published"
https://www.savvy-agents.com/properties/110-nw-7th-street-oak-island-kwodxy,,none,"not published on new site (110 Nw 7th Street, Oak Island NC); the Oct 2 old-site import brought every live old listing in as a draft at the same slug unless skipped, so this is most likely a draft on new site. Today the legacy redirect sends it to /newsite/properties (302) until published"
https://www.savvy-agents.com/properties/1316-clearview-dr-saint-charles-c5px4r,,none,"not published on new site (1316 Clearview Dr, Saint Charles MO); the Oct 2 old-site import brought every live old listing in as a draft at the same slug unless skipped, so this is most likely a draft on new site. Today the legacy redirect sends it to /newsite/properties (302) until published"
https://www.savvy-agents.com/properties/127-ne-15th-st-oak-island-9c6dwi,,none,"not published on new site (127 Ne 15th St, Oak Island NC); the Oct 2 old-site import brought every live old listing in as a draft at the same slug unless skipped, so this is most likely a draft on new site. Today the legacy redirect sends it to /newsite/properties (302) until published"
https://www.savvy-agents.com/properties/7156-hickory-ln-stroudsburg-4ppl21,,none,"not published on new site (7156 Hickory Ln, Stroudsburg PA); the Oct 2 old-site import brought every live old listing in as a draft at the same slug unless skipped, so this is most likely a draft on new site. Today the legacy redirect sends it to /newsite/properties (302) until published"
https://www.savvy-agents.com/properties/1255-hawthorn-ter-pocono-summit-ksvwyi,,none,"not published on new site (1255 Hawthorn Ter, Pocono Summit PA); the Oct 2 old-site import brought every live old listing in as a draft at the same slug unless skipped, so this is most likely a draft on new site. Today the legacy redirect sends it to /newsite/properties (302) until published"
https://www.savvy-agents.com/properties/159-southwind-cir-saint-augustine-zne6x8,,none,"not published on new site (159 Southwind Cir, Saint Augustine FL); the Oct 2 old-site import brought every live old listing in as a draft at the same slug unless skipped, so this is most likely a draft on new site. Today the legacy redirect sends it to /newsite/properties (302) until published"
https://www.savvy-agents.com/properties/5201-medoras-ave-saint-augustine-v6qz40,,none,"not published on new site (5201 Medoras Ave, Saint Augustine FL); the Oct 2 old-site import brought every live old listing in as a draft at the same slug unless skipped, so this is most likely a draft on new site. Today the legacy redirect sends it to /newsite/properties (302) until published"
https://www.savvy-agents.com/properties/10-3rd-street-saint-augustine-zdvkf3,,none,"not published on new site (10 3rd Street, Saint Augustine FL); the Oct 2 old-site import brought every live old listing in as a draft at the same slug unless skipped, so this is most likely a draft on new site. Today the legacy redirect sends it to /newsite/properties (302) until published"
https://www.savvy-agents.com/properties/2680-w-county-road-2006-w-bunnell-eekfse,,none,"not published on new site (2680 W County Road 2006 W, Bunnell FL); the Oct 2 old-site import brought every live old listing in as a draft at the same slug unless skipped, so this is most likely a draft on new site. Today the legacy redirect sends it to /newsite/properties (302) until published"
https://www.savvy-agents.com/properties/105-se-17th-street-oak-island-cmpif6,,none,"not published on new site (105 Se 17th Street, Oak Island NC); the Oct 2 old-site import brought every live old listing in as a draft at the same slug unless skipped, so this is most likely a draft on new site. Today the legacy redirect sends it to /newsite/properties (302) until published"
https://www.savvy-agents.com/properties/16214-sir-william-dr-spring-atakfe,,none,"not published on new site (16214 Sir William Dr, Spring TX); the Oct 2 old-site import brought every live old listing in as a draft at the same slug unless skipped, so this is most likely a draft on new site. Today the legacy redirect sends it to /newsite/properties (302) until published"
https://www.savvy-agents.com/properties/40-edgewater-drive-palm-coast-yiyxkm,,none,"not published on new site (40 Edgewater Drive, Palm Coast FL); the Oct 2 old-site import brought every live old listing in as a draft at the same slug unless skipped, so this is most likely a draft on new site. Today the legacy redirect sends it to /newsite/properties (302) until published"
https://www.savvy-agents.com/properties/2843-cedar-falls-way-sevierville-bu4zd1,,none,"not published on new site (2843 Cedar Falls Way, Sevierville TN); the Oct 2 old-site import brought every live old listing in as a draft at the same slug unless skipped, so this is most likely a draft on new site. Today the legacy redirect sends it to /newsite/properties (302) until published"
https://www.savvy-agents.com/properties/519-warbonnet-way-pigeon-forge-gi7qnj,,none,"not published on new site (519 Warbonnet Way, Pigeon Forge TN); the Oct 2 old-site import brought every live old listing in as a draft at the same slug unless skipped, so this is most likely a draft on new site. Today the legacy redirect sends it to /newsite/properties (302) until published"
https://www.savvy-agents.com/properties/1304-n-oak-ct-sevierville-0wfx59,,none,"not published on new site (1304 N Oak Ct, Sevierville TN); the Oct 2 old-site import brought every live old listing in as a draft at the same slug unless skipped, so this is most likely a draft on new site. Today the legacy redirect sends it to /newsite/properties (302) until published"
https://www.savvy-agents.com/properties/5121-eagle-pl-pocono-summit-ghrw25,,none,"not published on new site (5121 Eagle Pl, Pocono Summit PA); the Oct 2 old-site import brought every live old listing in as a draft at the same slug unless skipped, so this is most likely a draft on new site. Today the legacy redirect sends it to /newsite/properties (302) until published"
https://www.savvy-agents.com/properties/329-ne-59th-street-oak-island-3prvc2,,none,"not published on new site (329 Ne 59th Street, Oak Island NC); the Oct 2 old-site import brought every live old listing in as a draft at the same slug unless skipped, so this is most likely a draft on new site. Today the legacy redirect sends it to /newsite/properties (302) until published"
https://www.savvy-agents.com/properties/307-greenville-avenue-unit-2-carolina-beach-oa4sic,,none,"not published on new site (307 Greenville Avenue Unit 2, Carolina Beach NC); the Oct 2 old-site import brought every live old listing in as a draft at the same slug unless skipped, so this is most likely a draft on new site. Today the legacy redirect sends it to /newsite/properties (302) until published"
https://www.savvy-agents.com/properties/1508-mountain-drive-sevierville-kqzi1p,,none,"not published on new site (1508 Mountain Drive, Sevierville TN); the Oct 2 old-site import brought every live old listing in as a draft at the same slug unless skipped, so this is most likely a draft on new site. Today the legacy redirect sends it to /newsite/properties (302) until published"
https://www.savvy-agents.com/properties/844-osprey-way-pigeon-forge-0lolle,,none,"not published on new site (844 Osprey Way, Pigeon Forge TN); the Oct 2 old-site import brought every live old listing in as a draft at the same slug unless skipped, so this is most likely a draft on new site. Today the legacy redirect sends it to /newsite/properties (302) until published"
https://www.savvy-agents.com/properties/2428-breezy-rd-sevierville-6l2wv5,,none,"not published on new site (2428 Breezy Rd., Sevierville TN); the Oct 2 old-site import brought every live old listing in as a draft at the same slug unless skipped, so this is most likely a draft on new site. Today the legacy redirect sends it to /newsite/properties (302) until published"
https://www.savvy-agents.com/properties/13970-cloverdale-rd-rogers-nwsm2s,,none,"not published on new site (13970 Cloverdale Rd, Rogers AR); the Oct 2 old-site import brought every live old listing in as a draft at the same slug unless skipped, so this is most likely a draft on new site. Today the legacy redirect sends it to /newsite/properties (302) until published"
https://www.savvy-agents.com/properties/14006-possum-tree-rd-san-antonio-vhf5pj,,none,"not published on new site (14006 Possum Tree Rd, San Antonio TX); the Oct 2 old-site import brought every live old listing in as a draft at the same slug unless skipped, so this is most likely a draft on new site. Today the legacy redirect sends it to /newsite/properties (302) until published"
https://www.savvy-agents.com/properties/9415-kari-springs-ct-houston-td1nhu,,none,"not published on new site (9415 Kari Springs Ct, Houston TX); the Oct 2 old-site import brought every live old listing in as a draft at the same slug unless skipped, so this is most likely a draft on new site. Today the legacy redirect sends it to /newsite/properties (302) until published"
https://www.savvy-agents.com/properties/4108-catawissa-dr-pocono-lake-oq24py,,none,"not published on new site (4108 Catawissa Dr, Pocono Lake PA); the Oct 2 old-site import brought every live old listing in as a draft at the same slug unless skipped, so this is most likely a draft on new site. Today the legacy redirect sends it to /newsite/properties (302) until published"
https://www.savvy-agents.com/properties/2436-n-new-jersey-st-indianapolis-7mdq8i,,none,"not published on new site (2436 N New Jersey St, Indianapolis IN); the Oct 2 old-site import brought every live old listing in as a draft at the same slug unless skipped, so this is most likely a draft on new site. Today the legacy redirect sends it to /newsite/properties (302) until published"
https://www.savvy-agents.com/properties/41-luther-dr-palm-coast-xxorog,,none,"not published on new site (41 Luther Dr, Palm Coast FL); the Oct 2 old-site import brought every live old listing in as a draft at the same slug unless skipped, so this is most likely a draft on new site. Today the legacy redirect sends it to /newsite/properties (302) until published"
https://www.savvy-agents.com/properties/7075-hawks-cay-blvd-duck-key-ac0z1w,,none,"not published on new site (7075 Hawks Cay Blvd, Duck Key FL); the Oct 2 old-site import brought every live old listing in as a draft at the same slug unless skipped, so this is most likely a draft on new site. Today the legacy redirect sends it to /newsite/properties (302) until published"
https://www.savvy-agents.com/properties/223-w-beach-drive-oak-island-x4po8g,,none,"not published on new site (223 W Beach Drive, Oak Island NC); the Oct 2 old-site import brought every live old listing in as a draft at the same slug unless skipped, so this is most likely a draft on new site. Today the legacy redirect sends it to /newsite/properties (302) until published"
https://www.savvy-agents.com/properties/21407-deerhaven-dr-spring-o6k5cj,,none,"not published on new site (21407 Deerhaven Dr, Spring TX); the Oct 2 old-site import brought every live old listing in as a draft at the same slug unless skipped, so this is most likely a draft on new site. Today the legacy redirect sends it to /newsite/properties (302) until published"
https://www.savvy-agents.com/properties/389-e-first-street-ocean-isle-beach-2p6taz,,none,"not published on new site (389 E First Street, Ocean Isle Beach NC); the Oct 2 old-site import brought every live old listing in as a draft at the same slug unless skipped, so this is most likely a draft on new site. Today the legacy redirect sends it to /newsite/properties (302) until published"
https://www.savvy-agents.com/properties/28-garren-view-dr-fairview-vspymb,,none,"not published on new site (28 Garren View Dr, Fairview NC); the Oct 2 old-site import brought every live old listing in as a draft at the same slug unless skipped, so this is most likely a draft on new site. Today the legacy redirect sends it to /newsite/properties (302) until published"
https://www.savvy-agents.com/properties/207-e-bruce-ct-marathon-gdgedv,,none,"not published on new site (207 E Bruce Ct, Marathon FL); the Oct 2 old-site import brought every live old listing in as a draft at the same slug unless skipped, so this is most likely a draft on new site. Today the legacy redirect sends it to /newsite/properties (302) until published"
https://www.savvy-agents.com/properties/385-strand-dr-melbourne-beach-riwgy1,,none,"not published on new site (385 Strand Dr, Melbourne Beach FL); the Oct 2 old-site import brought every live old listing in as a draft at the same slug unless skipped, so this is most likely a draft on new site. Today the legacy redirect sends it to /newsite/properties (302) until published"
https://www.savvy-agents.com/properties/5951-milford-rd-east-stroudsburg-kzh0na,,none,"not published on new site (5951 Milford Rd, East Stroudsburg PA); the Oct 2 old-site import brought every live old listing in as a draft at the same slug unless skipped, so this is most likely a draft on new site. Today the legacy redirect sends it to /newsite/properties (302) until published"
https://www.savvy-agents.com/properties/2006-cougar-crossing-way-sevierville-nphavq,,none,"not published on new site (2006 Cougar Crossing Way, Sevierville TN); the Oct 2 old-site import brought every live old listing in as a draft at the same slug unless skipped, so this is most likely a draft on new site. Today the legacy redirect sends it to /newsite/properties (302) until published"
https://www.savvy-agents.com/properties/8499-bumble-bee-way-tobyhanna-up9l6o,,none,"not published on new site (8499 Bumble Bee Way, Tobyhanna PA); the Oct 2 old-site import brought every live old listing in as a draft at the same slug unless skipped, so this is most likely a draft on new site. Today the legacy redirect sends it to /newsite/properties (302) until published"
https://www.savvy-agents.com/properties/3163-sourwood-way-sevierville-a4ft9z,,none,"not published on new site (3163 Sourwood Way, Sevierville TN); the Oct 2 old-site import brought every live old listing in as a draft at the same slug unless skipped, so this is most likely a draft on new site. Today the legacy redirect sends it to /newsite/properties (302) until published"
https://www.savvy-agents.com/properties/185-blossom-rdg-leicester-pnav09,,none,"not published on new site (185 Blossom Rdg, Leicester NC); the Oct 2 old-site import brought every live old listing in as a draft at the same slug unless skipped, so this is most likely a draft on new site. Today the legacy redirect sends it to /newsite/properties (302) until published"
https://www.savvy-agents.com/properties/27-ben-lippen-rd-asheville-w115ml,,none,"not published on new site (27 Ben Lippen Rd, Asheville NC); the Oct 2 old-site import brought every live old listing in as a draft at the same slug unless skipped, so this is most likely a draft on new site. Today the legacy redirect sends it to /newsite/properties (302) until published"
https://www.savvy-agents.com/properties/233-rocky-top-rd-maggie-valley-ml8qdo,,none,"not published on new site (233 Rocky Top Rd, Maggie Valley NC); the Oct 2 old-site import brought every live old listing in as a draft at the same slug unless skipped, so this is most likely a draft on new site. Today the legacy redirect sends it to /newsite/properties (302) until published"
https://www.savvy-agents.com/properties/1236-upper-brush-creek-rd-fairview-2i0rkw,,none,"not published on new site (1236 Upper Brush Creek Rd, Fairview NC); the Oct 2 old-site import brought every live old listing in as a draft at the same slug unless skipped, so this is most likely a draft on new site. Today the legacy redirect sends it to /newsite/properties (302) until published"
https://www.savvy-agents.com/properties/15-old-fort-rd-fairview-pcdc76,,none,"not published on new site (15 Old Fort Rd, Fairview NC); the Oct 2 old-site import brought every live old listing in as a draft at the same slug unless skipped, so this is most likely a draft on new site. Today the legacy redirect sends it to /newsite/properties (302) until published"
https://www.savvy-agents.com/properties/1311-shillington-dr-katy-mg9f6p,,none,"not published on new site (1311 Shillington Dr, Katy TX); the Oct 2 old-site import brought every live old listing in as a draft at the same slug unless skipped, so this is most likely a draft on new site. Today the legacy redirect sends it to /newsite/properties (302) until published"
https://www.savvy-agents.com/properties/2424-e-4430-s-salt-lake-city-zm6ez6,,none,"not published on new site (2424 E 4430 S, Salt Lake City UT); the Oct 2 old-site import brought every live old listing in as a draft at the same slug unless skipped, so this is most likely a draft on new site. Today the legacy redirect sends it to /newsite/properties (302) until published"
https://www.savvy-agents.com/properties/2246-e-lincoln-ct-holladay-ygurt1,,none,"not published on new site (2246 E Lincoln Ct, Holladay UT); the Oct 2 old-site import brought every live old listing in as a draft at the same slug unless skipped, so this is most likely a draft on new site. Today the legacy redirect sends it to /newsite/properties (302) until published"
https://www.savvy-agents.com/properties/1832-e-peyton-ct-holladay-ybjuga,,none,"not published on new site (1832 E Peyton Ct, Holladay UT); the Oct 2 old-site import brought every live old listing in as a draft at the same slug unless skipped, so this is most likely a draft on new site. Today the legacy redirect sends it to /newsite/properties (302) until published"
https://www.savvy-agents.com/properties/3989-s-2250-e-holladay-n7bi3n,,none,"not published on new site (3989 S 2250 E, Holladay UT); the Oct 2 old-site import brought every live old listing in as a draft at the same slug unless skipped, so this is most likely a draft on new site. Today the legacy redirect sends it to /newsite/properties (302) until published"
https://www.savvy-agents.com/properties/67-lupine-dr-lake-harmony-dnvrvf,,none,"not published on new site (67 Lupine Dr, Lake Harmony PA); the Oct 2 old-site import brought every live old listing in as a draft at the same slug unless skipped, so this is most likely a draft on new site. Today the legacy redirect sends it to /newsite/properties (302) until published"
https://www.savvy-agents.com/properties/390-juniper-drive-sedona-2qysj5,,none,"not published on new site (390 Juniper Drive, Sedona AZ); the Oct 2 old-site import brought every live old listing in as a draft at the same slug unless skipped, so this is most likely a draft on new site. Today the legacy redirect sends it to /newsite/properties (302) until published"
https://www.savvy-agents.com/properties/7503-moorhen-lane-sw-55e-sunset-beach-90952o,,none,"not published on new site (7503 Moorhen Lane Sw #55e, Sunset Beach NC); the Oct 2 old-site import brought every live old listing in as a draft at the same slug unless skipped, so this is most likely a draft on new site. Today the legacy redirect sends it to /newsite/properties (302) until published"
https://www.savvy-agents.com/properties/31-hagan-rd-bloomfield-pdrk1l,,none,"not published on new site (31 Hagan Rd, Bloomfield KY); the Oct 2 old-site import brought every live old listing in as a draft at the same slug unless skipped, so this is most likely a draft on new site. Today the legacy redirect sends it to /newsite/properties (302) until published"
https://www.savvy-agents.com/properties/19-mahoe-drive-n-palm-coast-j19bfz,,none,"not published on new site (19 Mahoe Drive N, Palm Coast FL); the Oct 2 old-site import brought every live old listing in as a draft at the same slug unless skipped, so this is most likely a draft on new site. Today the legacy redirect sends it to /newsite/properties (302) until published"
https://www.savvy-agents.com/properties/3640-sugar-tree-dr-sevierville-l7bs8s,,none,"not published on new site (3640 Sugar Tree Dr, Sevierville TN); the Oct 2 old-site import brought every live old listing in as a draft at the same slug unless skipped, so this is most likely a draft on new site. Today the legacy redirect sends it to /newsite/properties (302) until published"
https://www.savvy-agents.com/properties/3654-buckeye-knob-way-sevierville-gg61oz,,none,"not published on new site (3654 Buckeye Knob Way, Sevierville TN); the Oct 2 old-site import brought every live old listing in as a draft at the same slug unless skipped, so this is most likely a draft on new site. Today the legacy redirect sends it to /newsite/properties (302) until published"
https://www.savvy-agents.com/properties/826-nadine-st-houston-2bhqhu,,none,"not published on new site (826 Nadine St, Houston TX); the Oct 2 old-site import brought every live old listing in as a draft at the same slug unless skipped, so this is most likely a draft on new site. Today the legacy redirect sends it to /newsite/properties (302) until published"
https://www.savvy-agents.com/properties/211-twenty-first-street-saint-augustine-nqnk4t,,none,"not published on new site (211 Twenty-First Street, Saint Augustine FL); the Oct 2 old-site import brought every live old listing in as a draft at the same slug unless skipped, so this is most likely a draft on new site. Today the legacy redirect sends it to /newsite/properties (302) until published"
https://www.savvy-agents.com/properties/4255-new-pioneer-trl-pigeon-forge-papk1z,,none,"not published on new site (4255 New Pioneer Trl, Pigeon Forge TN); the Oct 2 old-site import brought every live old listing in as a draft at the same slug unless skipped, so this is most likely a draft on new site. Today the legacy redirect sends it to /newsite/properties (302) until published"
https://www.savvy-agents.com/properties/2338-willow-ln-sevierville-cfhsgd,,none,"not published on new site (2338 Willow Ln, Sevierville TN); the Oct 2 old-site import brought every live old listing in as a draft at the same slug unless skipped, so this is most likely a draft on new site. Today the legacy redirect sends it to /newsite/properties (302) until published"
https://www.savvy-agents.com/properties/907-s-champion-ave-columbus-8iuveq,,none,"not published on new site (907 S Champion Ave, Columbus OH); the Oct 2 old-site import brought every live old listing in as a draft at the same slug unless skipped, so this is most likely a draft on new site. Today the legacy redirect sends it to /newsite/properties (302) until published"
https://www.savvy-agents.com/properties/55-e-4th-ave-columbus-72ubh7,,none,"not published on new site (55 E 4th Ave, Columbus OH); the Oct 2 old-site import brought every live old listing in as a draft at the same slug unless skipped, so this is most likely a draft on new site. Today the legacy redirect sends it to /newsite/properties (302) until published"
https://www.savvy-agents.com/properties/14-river-dr-white-haven-7ty3en,,none,"not published on new site (14 River Dr, White Haven PA); the Oct 2 old-site import brought every live old listing in as a draft at the same slug unless skipped, so this is most likely a draft on new site. Today the legacy redirect sends it to /newsite/properties (302) until published"
https://www.savvy-agents.com/properties/2725-salena-st-saint-louis-17z207,,none,"not published on new site (2725 Salena St, Saint Louis MO); the Oct 2 old-site import brought every live old listing in as a draft at the same slug unless skipped, so this is most likely a draft on new site. Today the legacy redirect sends it to /newsite/properties (302) until published"
https://www.savvy-agents.com/properties/136-aregood-ln-plantation-key-rv7gnv,,none,"not published on new site (136 Aregood Ln, Plantation Key FL); the Oct 2 old-site import brought every live old listing in as a draft at the same slug unless skipped, so this is most likely a draft on new site. Today the legacy redirect sends it to /newsite/properties (302) until published"
https://www.savvy-agents.com/properties/1000-caswell-beach-road-apt-806-oak-island-2dukec,,none,"not published on new site (1000 Caswell Beach Road Apt. 806, Oak Island NC); the Oct 2 old-site import brought every live old listing in as a draft at the same slug unless skipped, so this is most likely a draft on new site. Today the legacy redirect sends it to /newsite/properties (302) until published"
https://www.savvy-agents.com/properties/2006-geyer-ave-saint-louis-zmfwcf,,none,"not published on new site (2006 Geyer Ave, Saint Louis MO); the Oct 2 old-site import brought every live old listing in as a draft at the same slug unless skipped, so this is most likely a draft on new site. Today the legacy redirect sends it to /newsite/properties (302) until published"
https://www.savvy-agents.com/properties/15-fairchild-lane-palm-coast-i3g6is,,none,"not published on new site (15 Fairchild Lane, Palm Coast FL); the Oct 2 old-site import brought every live old listing in as a draft at the same slug unless skipped, so this is most likely a draft on new site. Today the legacy redirect sends it to /newsite/properties (302) until published"
https://www.savvy-agents.com/properties/2323-riverport-way-pigeon-forge-1t2m88,,none,"not published on new site (2323 Riverport Way, Pigeon Forge TN); the Oct 2 old-site import brought every live old listing in as a draft at the same slug unless skipped, so this is most likely a draft on new site. Today the legacy redirect sends it to /newsite/properties (302) until published"
https://www.savvy-agents.com/properties/11890-1st-ave-2-marathon-g7d3ky,,none,"not published on new site (11890 1st Ave #2, Marathon FL); the Oct 2 old-site import brought every live old listing in as a draft at the same slug unless skipped, so this is most likely a draft on new site. Today the legacy redirect sends it to /newsite/properties (302) until published"
https://www.savvy-agents.com/properties/1805-shady-grove-rd-sevierville-0ug4sc,,none,"not published on new site (1805 Shady Grove Rd, Sevierville TN); the Oct 2 old-site import brought every live old listing in as a draft at the same slug unless skipped, so this is most likely a draft on new site. Today the legacy redirect sends it to /newsite/properties (302) until published"
https://www.savvy-agents.com/properties/145-banjo-ln-waynesville-v5vkaz,,none,"not published on new site (145 Banjo Ln, Waynesville NC); the Oct 2 old-site import brought every live old listing in as a draft at the same slug unless skipped, so this is most likely a draft on new site. Today the legacy redirect sends it to /newsite/properties (302) until published"
https://www.savvy-agents.com/properties/49-fortune-lane-palm-coast-a94op4,,none,"not published on new site (49 Fortune Lane, Palm Coast FL); the Oct 2 old-site import brought every live old listing in as a draft at the same slug unless skipped, so this is most likely a draft on new site. Today the legacy redirect sends it to /newsite/properties (302) until published"
https://www.savvy-agents.com/properties/17-collington-court-palm-coast-3yaqoi,,none,"not published on new site (17 Collington Court, Palm Coast FL); the Oct 2 old-site import brought every live old listing in as a draft at the same slug unless skipped, so this is most likely a draft on new site. Today the legacy redirect sends it to /newsite/properties (302) until published"
https://www.savvy-agents.com/properties/51-fanshawe-ln-palm-coast-z3uexp,,none,"not published on new site (51 Fanshawe Ln, Palm Coast FL); the Oct 2 old-site import brought every live old listing in as a draft at the same slug unless skipped, so this is most likely a draft on new site. Today the legacy redirect sends it to /newsite/properties (302) until published"
https://www.savvy-agents.com/properties/54-franklin-avenue-seaside-heights-6e0yfq,,none,"not published on new site (54 Franklin Avenue, Seaside Heights NJ); the Oct 2 old-site import brought every live old listing in as a draft at the same slug unless skipped, so this is most likely a draft on new site. Today the legacy redirect sends it to /newsite/properties (302) until published"
https://www.savvy-agents.com/properties/5416-sonora-st-a-b-houston-tnw2bx,,none,"not published on new site (5416 Sonora St #A-B, Houston TX); the Oct 2 old-site import brought every live old listing in as a draft at the same slug unless skipped, so this is most likely a draft on new site. Today the legacy redirect sends it to /newsite/properties (302) until published"
https://www.savvy-agents.com/properties/776-mountain-stream-way-gatlinburg-0ifie1,,none,"not published on new site (776 Mountain Stream Way, Gatlinburg TN); the Oct 2 old-site import brought every live old listing in as a draft at the same slug unless skipped, so this is most likely a draft on new site. Today the legacy redirect sends it to /newsite/properties (302) until published"
https://www.savvy-agents.com/properties/221-cedardale-ave-villas-2o7taa,,none,"not published on new site (221 Cedardale Ave, Villas NJ); the Oct 2 old-site import brought every live old listing in as a draft at the same slug unless skipped, so this is most likely a draft on new site. Today the legacy redirect sends it to /newsite/properties (302) until published"
https://www.savvy-agents.com/properties/407-banyan-way-melbourne-beach-zvlggv,,none,"not published on new site (407 Banyan Way, Melbourne Beach FL); the Oct 2 old-site import brought every live old listing in as a draft at the same slug unless skipped, so this is most likely a draft on new site. Today the legacy redirect sends it to /newsite/properties (302) until published"
https://www.savvy-agents.com/properties/121-algonquin-terrace-indian-harbour-beach-4n913d,,none,"not published on new site (121 Algonquin Terrace, Indian Harbour Beach FL); the Oct 2 old-site import brought every live old listing in as a draft at the same slug unless skipped, so this is most likely a draft on new site. Today the legacy redirect sends it to /newsite/properties (302) until published"
https://www.savvy-agents.com/properties/1518-tarley-st-houston-rjul43,,none,"not published on new site (1518 Tarley St, Houston TX); the Oct 2 old-site import brought every live old listing in as a draft at the same slug unless skipped, so this is most likely a draft on new site. Today the legacy redirect sends it to /newsite/properties (302) until published"
https://www.savvy-agents.com/properties/461-sassafras-trl-sevierville-p9qewk,,none,"not published on new site (461 Sassafras Trl, Sevierville TN); the Oct 2 old-site import brought every live old listing in as a draft at the same slug unless skipped, so this is most likely a draft on new site. Today the legacy redirect sends it to /newsite/properties (302) until published"
https://www.savvy-agents.com/properties/3196-state-highway-180-gulf-shores-lmwtlq,,none,"not published on new site (3196 State Highway 180, Gulf Shores AL); the Oct 2 old-site import brought every live old listing in as a draft at the same slug unless skipped, so this is most likely a draft on new site. Today the legacy redirect sends it to /newsite/properties (302) until published"
https://www.savvy-agents.com/properties/484-our-rd-gulf-shores-er82w1,,none,"not published on new site (484 Our Rd, Gulf Shores AL); the Oct 2 old-site import brought every live old listing in as a draft at the same slug unless skipped, so this is most likely a draft on new site. Today the legacy redirect sends it to /newsite/properties (302) until published"
https://www.savvy-agents.com/properties/2068-bear-haven-way-sevierville-wu1i75,,none,"not published on new site (2068 Bear Haven Way, Sevierville TN); the Oct 2 old-site import brought every live old listing in as a draft at the same slug unless skipped, so this is most likely a draft on new site. Today the legacy redirect sends it to /newsite/properties (302) until published"
https://www.savvy-agents.com/properties/1207-peregrine-dr-friendswood-abdcyi,,none,"not published on new site (1207 Peregrine Dr, Friendswood TX); the Oct 2 old-site import brought every live old listing in as a draft at the same slug unless skipped, so this is most likely a draft on new site. Today the legacy redirect sends it to /newsite/properties (302) until published"
https://www.savvy-agents.com/properties/1643-beech-dr-conroe-8g07yw,,none,"not published on new site (1643 Beech Dr, Conroe TX); the Oct 2 old-site import brought every live old listing in as a draft at the same slug unless skipped, so this is most likely a draft on new site. Today the legacy redirect sends it to /newsite/properties (302) until published"
https://www.savvy-agents.com/properties/2008-e-oak-island-drive-oak-island-rvr4iq,,none,"not published on new site (2008 E Oak Island Drive, Oak Island NC); the Oct 2 old-site import brought every live old listing in as a draft at the same slug unless skipped, so this is most likely a draft on new site. Today the legacy redirect sends it to /newsite/properties (302) until published"
https://www.savvy-agents.com/properties/1622-e-beach-drive-oak-island-zasa9z,,none,"not published on new site (1622 E Beach Drive, Oak Island NC); the Oct 2 old-site import brought every live old listing in as a draft at the same slug unless skipped, so this is most likely a draft on new site. Today the legacy redirect sends it to /newsite/properties (302) until published"
https://www.savvy-agents.com/properties/230-seacrest-lane-delray-beach-z4hkm8,,none,"not published on new site (230 Seacrest Lane, Delray Beach FL); the Oct 2 old-site import brought every live old listing in as a draft at the same slug unless skipped, so this is most likely a draft on new site. Today the legacy redirect sends it to /newsite/properties (302) until published"
https://www.savvy-agents.com/properties/27-ocean-isle-west-boulevard-dd-ocean-isle-beach-sp35q7,,none,"not published on new site (27 Ocean Isle West Boulevard # Dd, Ocean Isle Beach NC); the Oct 2 old-site import brought every live old listing in as a draft at the same slug unless skipped, so this is most likely a draft on new site. Today the legacy redirect sends it to /newsite/properties (302) until published"
https://www.savvy-agents.com/properties/217-ne-38th-street-oak-island-4d6x49,,none,"not published on new site (217 Ne 38th Street, Oak Island NC); the Oct 2 old-site import brought every live old listing in as a draft at the same slug unless skipped, so this is most likely a draft on new site. Today the legacy redirect sends it to /newsite/properties (302) until published"
https://www.savvy-agents.com/properties/23607-termini-san-luis-pass-rd-galveston-5c2v9x,,none,"not published on new site (23607 Termini San Luis Pass Rd, Galveston TX); the Oct 2 old-site import brought every live old listing in as a draft at the same slug unless skipped, so this is most likely a draft on new site. Today the legacy redirect sends it to /newsite/properties (302) until published"
https://www.savvy-agents.com/properties/8018-northbridge-dr-spring-axwxm7,,none,"not published on new site (8018 Northbridge Dr, Spring TX); the Oct 2 old-site import brought every live old listing in as a draft at the same slug unless skipped, so this is most likely a draft on new site. Today the legacy redirect sends it to /newsite/properties (302) until published"
https://www.savvy-agents.com/properties/1444-kathleen-dr-wentzville-i1wylj,,none,"not published on new site (1444 Kathleen Dr, Wentzville MO); the Oct 2 old-site import brought every live old listing in as a draft at the same slug unless skipped, so this is most likely a draft on new site. Today the legacy redirect sends it to /newsite/properties (302) until published"
https://www.savvy-agents.com/properties/6-scott-meadows-dr-33-asheville-y1tf8r,,none,"not published on new site (6 Scott Meadows Dr #33, Asheville NC); the Oct 2 old-site import brought every live old listing in as a draft at the same slug unless skipped, so this is most likely a draft on new site. Today the legacy redirect sends it to /newsite/properties (302) until published"
https://www.savvy-agents.com/properties/1133-fordyce-ln-saint-charles-u6025e,,none,"not published on new site (1133 Fordyce Ln, Saint Charles MO); the Oct 2 old-site import brought every live old listing in as a draft at the same slug unless skipped, so this is most likely a draft on new site. Today the legacy redirect sends it to /newsite/properties (302) until published"
https://www.savvy-agents.com/properties/662-northern-spy-dr-linden-x2k9jo,,none,"not published on new site (662 Northern Spy Dr, Linden VA); the Oct 2 old-site import brought every live old listing in as a draft at the same slug unless skipped, so this is most likely a draft on new site. Today the legacy redirect sends it to /newsite/properties (302) until published"
https://www.savvy-agents.com/properties/109-great-lodge-way-east-stroudsburg-eaokum,,none,"not published on new site (109 Great Lodge Way, East Stroudsburg PA); the Oct 2 old-site import brought every live old listing in as a draft at the same slug unless skipped, so this is most likely a draft on new site. Today the legacy redirect sends it to /newsite/properties (302) until published"
https://www.savvy-agents.com/properties/9507-oxted-ln-spring-xk0uq1,,none,"not published on new site (9507 Oxted Ln, Spring TX); the Oct 2 old-site import brought every live old listing in as a draft at the same slug unless skipped, so this is most likely a draft on new site. Today the legacy redirect sends it to /newsite/properties (302) until published"
https://www.savvy-agents.com/properties/2303-surfrider-circle-c-kure-beach-196cqk,,none,"not published on new site (2303 Surfrider Circle #C, Kure Beach NC); the Oct 2 old-site import brought every live old listing in as a draft at the same slug unless skipped, so this is most likely a draft on new site. Today the legacy redirect sends it to /newsite/properties (302) until published"
https://www.savvy-agents.com/properties/500-burton-dr-4211-tavernier-g6mfp3,,none,"not published on new site (500 Burton Dr #4211, Tavernier FL); the Oct 2 old-site import brought every live old listing in as a draft at the same slug unless skipped, so this is most likely a draft on new site. Today the legacy redirect sends it to /newsite/properties (302) until published"
https://www.savvy-agents.com/properties/1824-rhododendron-ln-sevierville-a1zo9j,,none,"not published on new site (1824 Rhododendron Ln, Sevierville TN); the Oct 2 old-site import brought every live old listing in as a draft at the same slug unless skipped, so this is most likely a draft on new site. Today the legacy redirect sends it to /newsite/properties (302) until published"
https://www.savvy-agents.com/properties/2696-palencia-st-saint-augustine-1g0vew,,none,"not published on new site (2696 Palencia St, Saint Augustine FL); the Oct 2 old-site import brought every live old listing in as a draft at the same slug unless skipped, so this is most likely a draft on new site. Today the legacy redirect sends it to /newsite/properties (302) until published"
https://www.savvy-agents.com/properties/2665-black-walnut-flats-rd-sevierville-xpbplb,,none,"not published on new site (2665 Black Walnut Flats Rd, Sevierville TN); the Oct 2 old-site import brought every live old listing in as a draft at the same slug unless skipped, so this is most likely a draft on new site. Today the legacy redirect sends it to /newsite/properties (302) until published"
https://www.savvy-agents.com/properties/5417-lebanon-rd-mint-hill-ybjnpm,,none,"not published on new site (5417 Lebanon Rd, Mint Hill NC); the Oct 2 old-site import brought every live old listing in as a draft at the same slug unless skipped, so this is most likely a draft on new site. Today the legacy redirect sends it to /newsite/properties (302) until published"
https://www.savvy-agents.com/properties/127-beaver-dam-road-long-pond-pa-long-pond-9dl29x,,none,"not published on new site (127 Beaver Dam Road #Long Pond, Pa, Long Pond PA); the Oct 2 old-site import brought every live old listing in as a draft at the same slug unless skipped, so this is most likely a draft on new site. Today the legacy redirect sends it to /newsite/properties (302) until published"
https://www.savvy-agents.com/properties/140-wildwood-ln-shenandoah-m5qjps,,none,"not published on new site (140 Wildwood Ln, Shenandoah VA); the Oct 2 old-site import brought every live old listing in as a draft at the same slug unless skipped, so this is most likely a draft on new site. Today the legacy redirect sends it to /newsite/properties (302) until published"
https://www.savvy-agents.com/properties/142-washington-street-saint-augustine-3et7um,,none,"not published on new site (142 Washington Street, Saint Augustine FL); the Oct 2 old-site import brought every live old listing in as a draft at the same slug unless skipped, so this is most likely a draft on new site. Today the legacy redirect sends it to /newsite/properties (302) until published"
https://www.savvy-agents.com/properties/34-nora-dr-greenville-nzztdc,,none,"not published on new site (34 Nora Dr, Greenville SC); the Oct 2 old-site import brought every live old listing in as a draft at the same slug unless skipped, so this is most likely a draft on new site. Today the legacy redirect sends it to /newsite/properties (302) until published"
https://www.savvy-agents.com/properties/2326-top-of-the-world-dr-sevierville-jwg1t6,,none,"not published on new site (2326 Top Of The World Dr, Sevierville TN); the Oct 2 old-site import brought every live old listing in as a draft at the same slug unless skipped, so this is most likely a draft on new site. Today the legacy redirect sends it to /newsite/properties (302) until published"
https://www.savvy-agents.com/properties/18-winterhawk-dr-arden-6qdvzi,,none,"not published on new site (18 Winterhawk Dr, Arden NC); the Oct 2 old-site import brought every live old listing in as a draft at the same slug unless skipped, so this is most likely a draft on new site. Today the legacy redirect sends it to /newsite/properties (302) until published"
https://www.savvy-agents.com/properties/125-n-sidney-houston-k1ennf,,none,"not published on new site (125 N Sidney , Houston TX); the Oct 2 old-site import brought every live old listing in as a draft at the same slug unless skipped, so this is most likely a draft on new site. Today the legacy redirect sends it to /newsite/properties (302) until published"
https://www.savvy-agents.com/properties/1715-springer-rd-sevierville-eww96h,,none,"not published on new site (1715 Springer Rd, Sevierville TN); the Oct 2 old-site import brought every live old listing in as a draft at the same slug unless skipped, so this is most likely a draft on new site. Today the legacy redirect sends it to /newsite/properties (302) until published"
https://www.savvy-agents.com/properties/34-e-san-carlos-ave-saint-augustine-y1tbe0,,none,"not published on new site (34 E San Carlos Ave, Saint Augustine FL); the Oct 2 old-site import brought every live old listing in as a draft at the same slug unless skipped, so this is most likely a draft on new site. Today the legacy redirect sends it to /newsite/properties (302) until published"
https://www.savvy-agents.com/properties/1109-ski-view-dr-2-gatlinburg-36oye4,,none,"not published on new site (1109 Ski View Drive, Gatlinburg TN); the Oct 2 old-site import brought every live old listing in as a draft at the same slug unless skipped, so this is most likely a draft on new site. Today the legacy redirect sends it to /newsite/properties (302) until published"
https://www.savvy-agents.com/properties/32-franklin-farm-rd-fletcher-e57bz9,,none,"not published on new site (32 Franklin Farm Rd, Fletcher NC); the Oct 2 old-site import brought every live old listing in as a draft at the same slug unless skipped, so this is most likely a draft on new site. Today the legacy redirect sends it to /newsite/properties (302) until published"
https://www.savvy-agents.com/properties/625-s-fourth-avenue-kure-beach-yj3cor,,none,"not published on new site (625 S Fourth Avenue, Kure Beach NC); the Oct 2 old-site import brought every live old listing in as a draft at the same slug unless skipped, so this is most likely a draft on new site. Today the legacy redirect sends it to /newsite/properties (302) until published"
https://www.savvy-agents.com/properties/217-46th-street-w-bradenton-4vlijy,,none,"not published on new site (217 46th Street W, Bradenton FL); the Oct 2 old-site import brought every live old listing in as a draft at the same slug unless skipped, so this is most likely a draft on new site. Today the legacy redirect sends it to /newsite/properties (302) until published"
https://www.savvy-agents.com/properties/398-70th-st-marathon-dw39j7,,none,"not published on new site (398 70th St, Marathon FL); the Oct 2 old-site import brought every live old listing in as a draft at the same slug unless skipped, so this is most likely a draft on new site. Today the legacy redirect sends it to /newsite/properties (302) until published"
https://www.savvy-agents.com/properties/230-granite-station-rd-gettysburg-d0t7tp,,none,"not published on new site (230 Granite Station Rd, Gettysburg PA); the Oct 2 old-site import brought every live old listing in as a draft at the same slug unless skipped, so this is most likely a draft on new site. Today the legacy redirect sends it to /newsite/properties (302) until published"
https://www.savvy-agents.com/properties/2407-fawnwood-ln-spring-i6ibka,,none,"not published on new site (2407 Fawnwood Ln, Spring TX); the Oct 2 old-site import brought every live old listing in as a draft at the same slug unless skipped, so this is most likely a draft on new site. Today the legacy redirect sends it to /newsite/properties (302) until published"
https://www.savvy-agents.com/properties/507-northvalley-dr-houston-sgq32a,,none,"not published on new site (507 Northvalley Dr, Houston TX); the Oct 2 old-site import brought every live old listing in as a draft at the same slug unless skipped, so this is most likely a draft on new site. Today the legacy redirect sends it to /newsite/properties (302) until published"
https://www.savvy-agents.com/properties/325-hibiscus-trl-melbourne-beach-093649,,none,"not published on new site (325 Hibiscus Trl, Melbourne Beach FL); the Oct 2 old-site import brought every live old listing in as a draft at the same slug unless skipped, so this is most likely a draft on new site. Today the legacy redirect sends it to /newsite/properties (302) until published"
https://www.savvy-agents.com/properties/2-colony-court-palm-coast-zoo4d2,,none,"not published on new site (2 Colony Court, Palm Coast FL); the Oct 2 old-site import brought every live old listing in as a draft at the same slug unless skipped, so this is most likely a draft on new site. Today the legacy redirect sends it to /newsite/properties (302) until published"
https://www.savvy-agents.com/properties/375-plantation-rd-5103-gulf-shores-n1iek4,,none,"not published on new site (375 Plantation Rd #5103, Gulf Shores AL); the Oct 2 old-site import brought every live old listing in as a draft at the same slug unless skipped, so this is most likely a draft on new site. Today the legacy redirect sends it to /newsite/properties (302) until published"
https://www.savvy-agents.com/properties/1205-sand-dollar-court-kure-beach-x784jp,,none,"not published on new site (1205 Sand Dollar Court, Kure Beach NC); the Oct 2 old-site import brought every live old listing in as a draft at the same slug unless skipped, so this is most likely a draft on new site. Today the legacy redirect sends it to /newsite/properties (302) until published"
https://www.savvy-agents.com/properties/24-cinnamon-beach-way-palm-coast-h3qvz8,,none,"not published on new site (24 Cinnamon Beach Way, Palm Coast FL); the Oct 2 old-site import brought every live old listing in as a draft at the same slug unless skipped, so this is most likely a draft on new site. Today the legacy redirect sends it to /newsite/properties (302) until published"
https://www.savvy-agents.com/properties/232-petrarch-trl-albrightsville-k1vzcq,,none,"not published on new site (232 Petrarch Trl, Albrightsville PA); the Oct 2 old-site import brought every live old listing in as a draft at the same slug unless skipped, so this is most likely a draft on new site. Today the legacy redirect sends it to /newsite/properties (302) until published"
https://www.savvy-agents.com/properties/1940-prospector-ave-128-park-city-5lq82a,,none,"not published on new site (1940 Prospector Ave #128, Park City UT); the Oct 2 old-site import brought every live old listing in as a draft at the same slug unless skipped, so this is most likely a draft on new site. Today the legacy redirect sends it to /newsite/properties (302) until published"
https://www.savvy-agents.com/properties/24250-perdido-beach-blvd-4024-orange-beach-pqzbou,,none,"not published on new site (24250 Perdido Beach Blvd #4024, Orange Beach AL); the Oct 2 old-site import brought every live old listing in as a draft at the same slug unless skipped, so this is most likely a draft on new site. Today the legacy redirect sends it to /newsite/properties (302) until published"
https://www.savvy-agents.com/properties/9614-springmont-dr-houston-si441q,,none,"not published on new site (9614 Springmont Dr, Houston TX); the Oct 2 old-site import brought every live old listing in as a draft at the same slug unless skipped, so this is most likely a draft on new site. Today the legacy redirect sends it to /newsite/properties (302) until published"
https://www.savvy-agents.com/properties/720-hampel-rd-gryn3j,,none,"not published on new site (720 Hampel Rd, Palmer TX); the Oct 2 old-site import brought every live old listing in as a draft at the same slug unless skipped, so this is most likely a draft on new site. Today the legacy redirect sends it to /newsite/properties (302) until published"
https://www.savvy-agents.com/properties/2319-pittman-center-rd-sevierville-ur46zi,,none,"not published on new site (2319 Pittman Center Rd, Sevierville TN); the Oct 2 old-site import brought every live old listing in as a draft at the same slug unless skipped, so this is most likely a draft on new site. Today the legacy redirect sends it to /newsite/properties (302) until published"
https://www.savvy-agents.com/properties/9219-kempwood-dr-houston-guhq6t,,none,"not published on new site (9219 Kempwood Dr, Houston TX); the Oct 2 old-site import brought every live old listing in as a draft at the same slug unless skipped, so this is most likely a draft on new site. Today the legacy redirect sends it to /newsite/properties (302) until published"
https://www.savvy-agents.com/properties/3332-wisconsin-ave-saint-louis-hj1s0p,,none,"not published on new site (3332 Wisconsin Ave, Saint Louis MO); the Oct 2 old-site import brought every live old listing in as a draft at the same slug unless skipped, so this is most likely a draft on new site. Today the legacy redirect sends it to /newsite/properties (302) until published"
https://www.savvy-agents.com/properties/4546-washington-blvd-saint-louis-zxeiuw,,none,"not published on new site (4546 Washington Blvd, Saint Louis MO); the Oct 2 old-site import brought every live old listing in as a draft at the same slug unless skipped, so this is most likely a draft on new site. Today the legacy redirect sends it to /newsite/properties (302) until published"
https://www.savvy-agents.com/properties/3458-canal-court-jupiter-nckhhh,,none,"not published on new site (3458 Canal Court, Jupiter FL); the Oct 2 old-site import brought every live old listing in as a draft at the same slug unless skipped, so this is most likely a draft on new site. Today the legacy redirect sends it to /newsite/properties (302) until published"
https://www.savvy-agents.com/properties/713-e-8th-st-unit-e-ocean-city-7o6ux6,,none,"not published on new site (713 E 8th St Unit E, Ocean City NJ); the Oct 2 old-site import brought every live old listing in as a draft at the same slug unless skipped, so this is most likely a draft on new site. Today the legacy redirect sends it to /newsite/properties (302) until published"
https://www.savvy-agents.com/properties/148-heck-avenue-ocean-grove-zt0iym,,none,"not published on new site (148 Heck Avenue, Ocean Grove NJ); the Oct 2 old-site import brought every live old listing in as a draft at the same slug unless skipped, so this is most likely a draft on new site. Today the legacy redirect sends it to /newsite/properties (302) until published"
https://www.savvy-agents.com/properties/415-matterhorn-dr-gatlinburg-8d3yeq,,none,"not published on new site (415 Matterhorn Dr, Gatlinburg TN); the Oct 2 old-site import brought every live old listing in as a draft at the same slug unless skipped, so this is most likely a draft on new site. Today the legacy redirect sends it to /newsite/properties (302) until published"
https://www.savvy-agents.com/properties/1167-upper-alpine-way-gatlinburg-gs8cq3,,none,"not published on new site (1167 Upper Alpine Way, Gatlinburg TN); the Oct 2 old-site import brought every live old listing in as a draft at the same slug unless skipped, so this is most likely a draft on new site. Today the legacy redirect sends it to /newsite/properties (302) until published"
https://www.savvy-agents.com/properties/4242-e-sheena-drive-phoenix-0vk7zk,,none,"not published on new site (4242 E Sheena Drive, Phoenix AZ); the Oct 2 old-site import brought every live old listing in as a draft at the same slug unless skipped, so this is most likely a draft on new site. Today the legacy redirect sends it to /newsite/properties (302) until published"
https://www.savvy-agents.com/properties/1726-summit-view-way-sevierville-i1n5f8,,none,"not published on new site (1726 Summit View Way, Sevierville TN); the Oct 2 old-site import brought every live old listing in as a draft at the same slug unless skipped, so this is most likely a draft on new site. Today the legacy redirect sends it to /newsite/properties (302) until published"
https://www.savvy-agents.com/properties/2205-e-beach-drive-oak-island-s77jpt,,none,"not published on new site (2205 E Beach Drive, Oak Island NC); the Oct 2 old-site import brought every live old listing in as a draft at the same slug unless skipped, so this is most likely a draft on new site. Today the legacy redirect sends it to /newsite/properties (302) until published"
https://www.savvy-agents.com/properties/623-scenic-dr-albrightsville-ohscoc,,none,"not published on new site (623 Scenic Dr, Albrightsville PA); the Oct 2 old-site import brought every live old listing in as a draft at the same slug unless skipped, so this is most likely a draft on new site. Today the legacy redirect sends it to /newsite/properties (302) until published"
https://www.savvy-agents.com/properties/1536-cimarron-trl-kingsland-tx-78639-9orsj7,,none,"not published on new site (1536 Cimarron Trl, Kingsland TX); the Oct 2 old-site import brought every live old listing in as a draft at the same slug unless skipped, so this is most likely a draft on new site. Today the legacy redirect sends it to /newsite/properties (302) until published"
https://www.savvy-agents.com/properties/169-royal-oaks-hill-fredericksburg-1hd069,,none,"not published on new site (169 Royal Oaks Hill, Fredericksburg TX); the Oct 2 old-site import brought every live old listing in as a draft at the same slug unless skipped, so this is most likely a draft on new site. Today the legacy redirect sends it to /newsite/properties (302) until published"
https://www.savvy-agents.com/properties/36-cloverdale-court-n-palm-coast-48g1yr,,none,"not published on new site (36 Cloverdale Court N, Palm Coast FL); the Oct 2 old-site import brought every live old listing in as a draft at the same slug unless skipped, so this is most likely a draft on new site. Today the legacy redirect sends it to /newsite/properties (302) until published"
https://www.savvy-agents.com/properties/18-ellery-rd-villas-0ybs9i,,none,"not published on new site (18 Ellery Rd, Villas NJ); the Oct 2 old-site import brought every live old listing in as a draft at the same slug unless skipped, so this is most likely a draft on new site. Today the legacy redirect sends it to /newsite/properties (302) until published"
https://www.savvy-agents.com/properties/200-holmes-ave-n-cape-may-cljqzi,,none,"not published on new site (200 Holmes Ave N, Cape May NJ); the Oct 2 old-site import brought every live old listing in as a draft at the same slug unless skipped, so this is most likely a draft on new site. Today the legacy redirect sends it to /newsite/properties (302) until published"
https://www.savvy-agents.com/properties/307-w-durham-st-lot-624-kill-devil-hills-7gn573,,none,"not published on new site (307 W Durham St Lot 624, Kill Devil Hills NC); the Oct 2 old-site import brought every live old listing in as a draft at the same slug unless skipped, so this is most likely a draft on new site. Today the legacy redirect sends it to /newsite/properties (302) until published"
https://www.savvy-agents.com/properties/1116-terjo-ln-austin-16ihva,,none,"not published on new site (1116 Terjo Ln, Austin TX); the Oct 2 old-site import brought every live old listing in as a draft at the same slug unless skipped, so this is most likely a draft on new site. Today the legacy redirect sends it to /newsite/properties (302) until published"
https://www.savvy-agents.com/properties/2000-spinel-rd-pflugerville-vycrv4,,none,"not published on new site (2000 Spinel Rd, Pflugerville TX); the Oct 2 old-site import brought every live old listing in as a draft at the same slug unless skipped, so this is most likely a draft on new site. Today the legacy redirect sends it to /newsite/properties (302) until published"
https://www.savvy-agents.com/properties/4076-ridgeback-ln-36-sevierville-h83wn0,,none,"not published on new site (4076 Ridgeback Ln #36, Sevierville TN); the Oct 2 old-site import brought every live old listing in as a draft at the same slug unless skipped, so this is most likely a draft on new site. Today the legacy redirect sends it to /newsite/properties (302) until published"
https://www.savvy-agents.com/properties/3085-perry-circle-ln-sevierville-17mv7b,,none,"not published on new site (3085 Perry Circle Ln, Sevierville TN); the Oct 2 old-site import brought every live old listing in as a draft at the same slug unless skipped, so this is most likely a draft on new site. Today the legacy redirect sends it to /newsite/properties (302) until published"
https://www.savvy-agents.com/properties/5556-s-lancewood-circle-pt-orange-e9029d,,none,"not published on new site (5556 S Lancewood Circle, Pt Orange FL); the Oct 2 old-site import brought every live old listing in as a draft at the same slug unless skipped, so this is most likely a draft on new site. Today the legacy redirect sends it to /newsite/properties (302) until published"
https://www.savvy-agents.com/properties/1007-e-32nd-st-houston-f2izu9,,none,"not published on new site (1007 E 32nd St, Houston TX); the Oct 2 old-site import brought every live old listing in as a draft at the same slug unless skipped, so this is most likely a draft on new site. Today the legacy redirect sends it to /newsite/properties (302) until published"
https://www.savvy-agents.com/properties/8807-crayson-court-kissimmee-41k338,,none,"not published on new site (8807 Crayson Court, Kissimmee FL); the Oct 2 old-site import brought every live old listing in as a draft at the same slug unless skipped, so this is most likely a draft on new site. Today the legacy redirect sends it to /newsite/properties (302) until published"
https://www.savvy-agents.com/properties/415-minsi-trl-w-long-pond-urzct4,,none,"not published on new site (415 Minsi Trl W, Long Pond PA); the Oct 2 old-site import brought every live old listing in as a draft at the same slug unless skipped, so this is most likely a draft on new site. Today the legacy redirect sends it to /newsite/properties (302) until published"
https://www.savvy-agents.com/properties/97501-overseas-hwy-unit-114-key-largo-9s4sg6,,none,"not published on new site (97501 Overseas Hwy Unit 114, Key Largo FL); the Oct 2 old-site import brought every live old listing in as a draft at the same slug unless skipped, so this is most likely a draft on new site. Today the legacy redirect sends it to /newsite/properties (302) until published"
https://www.savvy-agents.com/properties/41-avalon-drive-east-falmouth-itysnv,,none,"not published on new site (41 Avalon Drive, East Falmouth MA); the Oct 2 old-site import brought every live old listing in as a draft at the same slug unless skipped, so this is most likely a draft on new site. Today the legacy redirect sends it to /newsite/properties (302) until published"
https://www.savvy-agents.com/properties/1020-ski-view-ln-sevierville-rk7pfs,,none,"not published on new site (1020 Ski View Ln, Sevierville TN); the Oct 2 old-site import brought every live old listing in as a draft at the same slug unless skipped, so this is most likely a draft on new site. Today the legacy redirect sends it to /newsite/properties (302) until published"
https://www.savvy-agents.com/properties/1612-1614-westwood-ave-columbus-bktw1e,,none,"not published on new site (1612-1614 Westwood Ave, Columbus OH); the Oct 2 old-site import brought every live old listing in as a draft at the same slug unless skipped, so this is most likely a draft on new site. Today the legacy redirect sends it to /newsite/properties (302) until published"
https://www.savvy-agents.com/properties/1060-sunrise-blvd-pigeon-forge-dmv17x,,none,"not published on new site (1060 Sunrise Blvd, Pigeon Forge TN); the Oct 2 old-site import brought every live old listing in as a draft at the same slug unless skipped, so this is most likely a draft on new site. Today the legacy redirect sends it to /newsite/properties (302) until published"
https://www.savvy-agents.com/properties/2605-alton-pl-raleigh-e0tsyi,,none,"not published on new site (2605 Alton Pl, Raleigh NC); the Oct 2 old-site import brought every live old listing in as a draft at the same slug unless skipped, so this is most likely a draft on new site. Today the legacy redirect sends it to /newsite/properties (302) until published"
https://www.savvy-agents.com/properties/827-colonial-drive-wilmington-p8fbtl,,none,"not published on new site (827 Colonial Drive, Wilmington NC); the Oct 2 old-site import brought every live old listing in as a draft at the same slug unless skipped, so this is most likely a draft on new site. Today the legacy redirect sends it to /newsite/properties (302) until published"
https://www.savvy-agents.com/properties/112-bruce-ct-marathon-4e8d42,,none,"not published on new site (112 Bruce Ct, Marathon FL); the Oct 2 old-site import brought every live old listing in as a draft at the same slug unless skipped, so this is most likely a draft on new site. Today the legacy redirect sends it to /newsite/properties (302) until published"
https://www.savvy-agents.com/properties/8060-santee-drive-kissimmee-rx8m2o,,none,"not published on new site (8060 Santee Drive, Kissimmee FL); the Oct 2 old-site import brought every live old listing in as a draft at the same slug unless skipped, so this is most likely a draft on new site. Today the legacy redirect sends it to /newsite/properties (302) until published"
https://www.savvy-agents.com/properties/1905-stockton-st-melbourne-bks192,,none,"not published on new site (1905 Stockton St, Melbourne FL); the Oct 2 old-site import brought every live old listing in as a draft at the same slug unless skipped, so this is most likely a draft on new site. Today the legacy redirect sends it to /newsite/properties (302) until published"
https://www.savvy-agents.com/properties/406-iroquois-loop-canadensis-eddxcj,,none,"not published on new site (406 Iroquois Loop, Canadensis PA); the Oct 2 old-site import brought every live old listing in as a draft at the same slug unless skipped, so this is most likely a draft on new site. Today the legacy redirect sends it to /newsite/properties (302) until published"
https://www.savvy-agents.com/properties/4221-myrtle-st-saint-augustine-1ykclg,,none,"not published on new site (4221 Myrtle St, Saint Augustine FL); the Oct 2 old-site import brought every live old listing in as a draft at the same slug unless skipped, so this is most likely a draft on new site. Today the legacy redirect sends it to /newsite/properties (302) until published"
https://www.savvy-agents.com/properties/327-minorca-ave-saint-augustine-3scpll,,none,"not published on new site (327 Minorca Ave, Saint Augustine FL); the Oct 2 old-site import brought every live old listing in as a draft at the same slug unless skipped, so this is most likely a draft on new site. Today the legacy redirect sends it to /newsite/properties (302) until published"
https://www.savvy-agents.com/properties/13-carollo-court-palm-coast-eti2ky,,none,"not published on new site (13 Carollo Court, Palm Coast FL); the Oct 2 old-site import brought every live old listing in as a draft at the same slug unless skipped, so this is most likely a draft on new site. Today the legacy redirect sends it to /newsite/properties (302) until published"
https://www.savvy-agents.com/properties/5445-us-highway-93-w-whitefish-vzjl9g,,none,"not published on new site (5445 Us Highway 93 W, Whitefish MT); the Oct 2 old-site import brought every live old listing in as a draft at the same slug unless skipped, so this is most likely a draft on new site. Today the legacy redirect sends it to /newsite/properties (302) until published"
https://www.savvy-agents.com/properties/1606-dove-wing-way-sevierville-64ujua,,none,"not published on new site (1606 Dove Wing Way, Sevierville TN); the Oct 2 old-site import brought every live old listing in as a draft at the same slug unless skipped, so this is most likely a draft on new site. Today the legacy redirect sends it to /newsite/properties (302) until published"
https://www.savvy-agents.com/properties/308-harper-ct-saint-peters-kh55nl,,none,"not published on new site (308 Harper Ct, Saint Peters MO); the Oct 2 old-site import brought every live old listing in as a draft at the same slug unless skipped, so this is most likely a draft on new site. Today the legacy redirect sends it to /newsite/properties (302) until published"
https://www.savvy-agents.com/properties/4550-e-princess-drive-mesa-yiquon,,none,"not published on new site (4550 E Princess Drive, Mesa AZ); the Oct 2 old-site import brought every live old listing in as a draft at the same slug unless skipped, so this is most likely a draft on new site. Today the legacy redirect sends it to /newsite/properties (302) until published"
https://www.savvy-agents.com/properties/9113-e-odessa-street-mesa-4su1jc,,none,"not published on new site (9113 E Odessa Street, Mesa AZ); the Oct 2 old-site import brought every live old listing in as a draft at the same slug unless skipped, so this is most likely a draft on new site. Today the legacy redirect sends it to /newsite/properties (302) until published"
https://www.savvy-agents.com/properties/3410-plantation-rd-austin-1fsssl,,none,"not published on new site (3410 Plantation Rd, Austin TX); the Oct 2 old-site import brought every live old listing in as a draft at the same slug unless skipped, so this is most likely a draft on new site. Today the legacy redirect sends it to /newsite/properties (302) until published"
https://www.savvy-agents.com/properties/4326-forest-ridge-way-pigeon-forge-1aqxef,,none,"not published on new site (4326 Forest Ridge Way, Pigeon Forge TN); the Oct 2 old-site import brought every live old listing in as a draft at the same slug unless skipped, so this is most likely a draft on new site. Today the legacy redirect sends it to /newsite/properties (302) until published"
https://www.savvy-agents.com/properties/914-black-bear-cub-way-sevierville-8at3uj,,none,"not published on new site (914 Black Bear Cub Way, Sevierville TN); the Oct 2 old-site import brought every live old listing in as a draft at the same slug unless skipped, so this is most likely a draft on new site. Today the legacy redirect sends it to /newsite/properties (302) until published"
https://www.savvy-agents.com/properties/109-pin-tail-pl-whittier-d8uaew,,none,"not published on new site (109 Pin Tail Pl, Whittier NC); the Oct 2 old-site import brought every live old listing in as a draft at the same slug unless skipped, so this is most likely a draft on new site. Today the legacy redirect sends it to /newsite/properties (302) until published"
https://www.savvy-agents.com/properties/1503-e-crockett-st-san-antonio-18nrjw,,none,"not published on new site (1503 E Crockett St, San Antonio TX); the Oct 2 old-site import brought every live old listing in as a draft at the same slug unless skipped, so this is most likely a draft on new site. Today the legacy redirect sends it to /newsite/properties (302) until published"
https://www.savvy-agents.com/properties/4408-forest-vista-way-pigeon-forge-zjsnp8,,none,"not published on new site (4408 Forest Vista Way, Pigeon Forge TN); the Oct 2 old-site import brought every live old listing in as a draft at the same slug unless skipped, so this is most likely a draft on new site. Today the legacy redirect sends it to /newsite/properties (302) until published"
https://www.savvy-agents.com/properties/3227-white-falcon-way-pigeon-forge-smtxlc,,none,"not published on new site (3227 White Falcon Way, Pigeon Forge TN); the Oct 2 old-site import brought every live old listing in as a draft at the same slug unless skipped, so this is most likely a draft on new site. Today the legacy redirect sends it to /newsite/properties (302) until published"
https://www.savvy-agents.com/properties/2176-spurling-rd-lot-2r-sevierville-lfr8k7,,none,"not published on new site (2176 Spurling Rd Lot 2r, Sevierville TN); the Oct 2 old-site import brought every live old listing in as a draft at the same slug unless skipped, so this is most likely a draft on new site. Today the legacy redirect sends it to /newsite/properties (302) until published"
https://www.savvy-agents.com/properties/2835-mcnair-ave-saint-louis-ghioi4,,none,"not published on new site (2835 Mcnair Ave, Saint Louis MO); the Oct 2 old-site import brought every live old listing in as a draft at the same slug unless skipped, so this is most likely a draft on new site. Today the legacy redirect sends it to /newsite/properties (302) until published"
https://www.savvy-agents.com/properties/6148-broad-oak-drive-davenport-v04uo3,,none,"not published on new site (6148 Broad Oak Drive, Davenport FL); the Oct 2 old-site import brought every live old listing in as a draft at the same slug unless skipped, so this is most likely a draft on new site. Today the legacy redirect sends it to /newsite/properties (302) until published"
https://www.savvy-agents.com/properties/721-atlantic-ave-n-cape-may-lcxvpl,,none,"not published on new site (721 Atlantic Ave N, Cape May NJ); the Oct 2 old-site import brought every live old listing in as a draft at the same slug unless skipped, so this is most likely a draft on new site. Today the legacy redirect sends it to /newsite/properties (302) until published"
https://www.savvy-agents.com/properties/2009-wrightsville-blvd-unit-4-b-kill-devil-hills-7eso18,,none,"not published on new site (2009 Wrightsville Blvd Unit 4-B, Kill Devil Hills NC); the Oct 2 old-site import brought every live old listing in as a draft at the same slug unless skipped, so this is most likely a draft on new site. Today the legacy redirect sends it to /newsite/properties (302) until published"
https://www.savvy-agents.com/properties/1398-waters-edge-way-columbia-falls-raltlp,,none,"not published on new site (1398 Waters Edge Way, Columbia Falls MT); the Oct 2 old-site import brought every live old listing in as a draft at the same slug unless skipped, so this is most likely a draft on new site. Today the legacy redirect sends it to /newsite/properties (302) until published"
https://www.savvy-agents.com/properties/75761-overseas-hwy-islamorada-styo41,,none,"not published on new site (75761 Overseas Hwy, Islamorada FL); the Oct 2 old-site import brought every live old listing in as a draft at the same slug unless skipped, so this is most likely a draft on new site. Today the legacy redirect sends it to /newsite/properties (302) until published"
https://www.savvy-agents.com/properties/5327-maple-ln-cresco-cfby1p,,none,"not published on new site (5327 Maple Ln, Cresco PA); the Oct 2 old-site import brought every live old listing in as a draft at the same slug unless skipped, so this is most likely a draft on new site. Today the legacy redirect sends it to /newsite/properties (302) until published"
https://www.savvy-agents.com/properties/4259-round-top-way-sevierville-ojn62l,,none,"not published on new site (4259 Round Top Way, Sevierville TN); the Oct 2 old-site import brought every live old listing in as a draft at the same slug unless skipped, so this is most likely a draft on new site. Today the legacy redirect sends it to /newsite/properties (302) until published"
https://www.savvy-agents.com/properties/1697-kona-lane-davenport-9szi7x,,none,"not published on new site (1697 Kona Lane, Davenport FL); the Oct 2 old-site import brought every live old listing in as a draft at the same slug unless skipped, so this is most likely a draft on new site. Today the legacy redirect sends it to /newsite/properties (302) until published"
https://www.savvy-agents.com/properties/124-river-ct-92-pocono-lake-n3kmq3,,none,"not published on new site (124 River Ct #92, Pocono Lake PA); the Oct 2 old-site import brought every live old listing in as a draft at the same slug unless skipped, so this is most likely a draft on new site. Today the legacy redirect sends it to /newsite/properties (302) until published"
https://www.savvy-agents.com/properties/1410-s-alabama-st-indianapolis-xz7h7t,,none,"not published on new site (1410 S Alabama St, Indianapolis IN); the Oct 2 old-site import brought every live old listing in as a draft at the same slug unless skipped, so this is most likely a draft on new site. Today the legacy redirect sends it to /newsite/properties (302) until published"
https://www.savvy-agents.com/properties/2739-mountain-preserve-dr-sevierville-nrap3r,,none,"not published on new site (2739 Mountain Preserve Dr, Sevierville TN); the Oct 2 old-site import brought every live old listing in as a draft at the same slug unless skipped, so this is most likely a draft on new site. Today the legacy redirect sends it to /newsite/properties (302) until published"
https://www.savvy-agents.com/properties/855-sullivant-ave-columbus-zcyu4w,,none,"not published on new site (855 Sullivant Ave, Columbus OH); the Oct 2 old-site import brought every live old listing in as a draft at the same slug unless skipped, so this is most likely a draft on new site. Today the legacy redirect sends it to /newsite/properties (302) until published"
https://www.savvy-agents.com/properties/1518-bear-valley-rd-sevierville-uke9wm,,none,"not published on new site (1518 Bear Valley Rd, Sevierville TN); the Oct 2 old-site import brought every live old listing in as a draft at the same slug unless skipped, so this is most likely a draft on new site. Today the legacy redirect sends it to /newsite/properties (302) until published"
https://www.savvy-agents.com/properties/390-matterhorn-dr-park-city-s0cr1d,,none,"not published on new site (390 Matterhorn Dr, Park City UT); the Oct 2 old-site import brought every live old listing in as a draft at the same slug unless skipped, so this is most likely a draft on new site. Today the legacy redirect sends it to /newsite/properties (302) until published"
https://www.savvy-agents.com/properties/316-se-79th-street-oak-island-h2akmp,,none,"not published on new site (316 Se 79th Street, Oak Island NC); the Oct 2 old-site import brought every live old listing in as a draft at the same slug unless skipped, so this is most likely a draft on new site. Today the legacy redirect sends it to /newsite/properties (302) until published"
https://www.savvy-agents.com/properties/2911-e-pelican-drive-oak-island-he7ra1,,none,"not published on new site (2911 E Pelican Drive, Oak Island NC); the Oct 2 old-site import brought every live old listing in as a draft at the same slug unless skipped, so this is most likely a draft on new site. Today the legacy redirect sends it to /newsite/properties (302) until published"
https://www.savvy-agents.com/properties/7104-s-virginia-dare-trl-lot-3-nags-head-5va934,,none,"not published on new site (7104 S Virginia Dare Trl Lot 3, Nags Head NC); the Oct 2 old-site import brought every live old listing in as a draft at the same slug unless skipped, so this is most likely a draft on new site. Today the legacy redirect sends it to /newsite/properties (302) until published"
https://www.savvy-agents.com/properties/23289-e-beacon-dr-lot-3-rodanthe-fv3txd,,none,"not published on new site (23289 E Beacon Dr Lot 3, Rodanthe NC); the Oct 2 old-site import brought every live old listing in as a draft at the same slug unless skipped, so this is most likely a draft on new site. Today the legacy redirect sends it to /newsite/properties (302) until published"
https://www.savvy-agents.com/properties/10877-overseas-hwy-apt-7-marathon-8vpkwa,,none,"not published on new site (10877 Overseas Hwy Apt 7, Marathon FL); the Oct 2 old-site import brought every live old listing in as a draft at the same slug unless skipped, so this is most likely a draft on new site. Today the legacy redirect sends it to /newsite/properties (302) until published"
https://www.savvy-agents.com/properties/1143-horizon-dr-long-pond-qvt0e2,,none,"not published on new site (1143 Horizon Dr, Long Pond PA); the Oct 2 old-site import brought every live old listing in as a draft at the same slug unless skipped, so this is most likely a draft on new site. Today the legacy redirect sends it to /newsite/properties (302) until published"
https://www.savvy-agents.com/properties/111-chitimacha-dr-pocono-lake-0o9n0g,,none,"not published on new site (111 Chitimacha Dr, Pocono Lake PA); the Oct 2 old-site import brought every live old listing in as a draft at the same slug unless skipped, so this is most likely a draft on new site. Today the legacy redirect sends it to /newsite/properties (302) until published"
https://www.savvy-agents.com/properties/1015-route-390-greentown-ff89aa,,none,"not published on new site (1015 Route 390, Greentown PA); the Oct 2 old-site import brought every live old listing in as a draft at the same slug unless skipped, so this is most likely a draft on new site. Today the legacy redirect sends it to /newsite/properties (302) until published"
https://www.savvy-agents.com/properties/213-escoll-dr-east-stroudsburg-7ouu60,,none,"not published on new site (213 Escoll Dr, East Stroudsburg PA); the Oct 2 old-site import brought every live old listing in as a draft at the same slug unless skipped, so this is most likely a draft on new site. Today the legacy redirect sends it to /newsite/properties (302) until published"
https://www.savvy-agents.com/properties/2801-bookmark-drive-kissimmee-muemmp,,none,"not published on new site (2801 Bookmark Drive, Kissimmee FL); the Oct 2 old-site import brought every live old listing in as a draft at the same slug unless skipped, so this is most likely a draft on new site. Today the legacy redirect sends it to /newsite/properties (302) until published"
https://www.savvy-agents.com/properties/400-plantation-rd-2217-gulf-shores-8sizou,,none,"not published on new site (400 Plantation Rd #2217, Gulf Shores AL); the Oct 2 old-site import brought every live old listing in as a draft at the same slug unless skipped, so this is most likely a draft on new site. Today the legacy redirect sends it to /newsite/properties (302) until published"
https://www.savvy-agents.com/properties/1909-rose-pass-sevierville-1f5hbl,,none,"not published on new site; the Oct 2 old-site import brought every live old listing in as a draft at the same slug unless skipped, so this is most likely a draft on new site. Today the legacy redirect sends it to /newsite/properties (302) until published"
https://www.savvy-agents.com/properties/1834-blue-tick-way-sevierville-c1uyym,,none,"not published on new site (1834 Blue Tick Way, Sevierville TN); the Oct 2 old-site import brought every live old listing in as a draft at the same slug unless skipped, so this is most likely a draft on new site. Today the legacy redirect sends it to /newsite/properties (302) until published"
https://www.savvy-agents.com/properties/160-june-dr-cocoa-beach-a6m789,,none,"not published on new site (160 June Dr, Cocoa Beach FL); the Oct 2 old-site import brought every live old listing in as a draft at the same slug unless skipped, so this is most likely a draft on new site. Today the legacy redirect sends it to /newsite/properties (302) until published"
https://www.savvy-agents.com/properties/2006-slippery-rock-cir-pigeon-forge-f7j8g8,,none,"not published on new site (2006 Slippery Rock Cir, Pigeon Forge TN); the Oct 2 old-site import brought every live old listing in as a draft at the same slug unless skipped, so this is most likely a draft on new site. Today the legacy redirect sends it to /newsite/properties (302) until published"
https://www.savvy-agents.com/properties/6995-lake-shore-dr-gulf-shores-r7htqg,,none,"not published on new site (6995 Lake Shore Dr, Gulf Shores AL); the Oct 2 old-site import brought every live old listing in as a draft at the same slug unless skipped, so this is most likely a draft on new site. Today the legacy redirect sends it to /newsite/properties (302) until published"
https://www.savvy-agents.com/properties/7202-18th-avenue-nw-bradenton-rb4l1s,,none,"not published on new site (7202 18th Avenue Nw, Bradenton FL); the Oct 2 old-site import brought every live old listing in as a draft at the same slug unless skipped, so this is most likely a draft on new site. Today the legacy redirect sends it to /newsite/properties (302) until published"
https://www.savvy-agents.com/properties/115-bonnie-briar-lane-delray-beach-1g7lz5,,none,"not published on new site (115 Bonnie Briar Lane, Delray Beach FL); the Oct 2 old-site import brought every live old listing in as a draft at the same slug unless skipped, so this is most likely a draft on new site. Today the legacy redirect sends it to /newsite/properties (302) until published"
https://www.savvy-agents.com/properties/3511-ponce-de-leon-ct-gulf-shores-9yfxdi,,none,"not published on new site (3511 Ponce De Leon Ct, Gulf Shores AL); the Oct 2 old-site import brought every live old listing in as a draft at the same slug unless skipped, so this is most likely a draft on new site. Today the legacy redirect sends it to /newsite/properties (302) until published"
https://www.savvy-agents.com/properties/110-nw-16th-street-oak-island-xqfelh,,none,"not published on new site (110 Nw 16th Street, Oak Island NC); the Oct 2 old-site import brought every live old listing in as a draft at the same slug unless skipped, so this is most likely a draft on new site. Today the legacy redirect sends it to /newsite/properties (302) until published"
https://www.savvy-agents.com/properties/34-chivas-ln-102c-pt-washington-u6jv5k,,none,"not published on new site (34 Chivas Ln #102c, Pt Washington FL); the Oct 2 old-site import brought every live old listing in as a draft at the same slug unless skipped, so this is most likely a draft on new site. Today the legacy redirect sends it to /newsite/properties (302) until published"
https://www.savvy-agents.com/properties/1611-e-pelican-drive-oak-island-qlc8hi,,none,"not published on new site (1611 E Pelican Drive, Oak Island NC); the Oct 2 old-site import brought every live old listing in as a draft at the same slug unless skipped, so this is most likely a draft on new site. Today the legacy redirect sends it to /newsite/properties (302) until published"
https://www.savvy-agents.com/properties/6435-broward-st-saint-augustine-fvpxjj,,none,"not published on new site (6435 Broward St, Saint Augustine FL); the Oct 2 old-site import brought every live old listing in as a draft at the same slug unless skipped, so this is most likely a draft on new site. Today the legacy redirect sends it to /newsite/properties (302) until published"
https://www.savvy-agents.com/properties/219-sombrero-beach-rd-2-marathon-4iogvf,,none,"not published on new site (219 Sombrero Beach Rd #2, Marathon FL); the Oct 2 old-site import brought every live old listing in as a draft at the same slug unless skipped, so this is most likely a draft on new site. Today the legacy redirect sends it to /newsite/properties (302) until published"
https://www.savvy-agents.com/properties/3500-s-ocean-shore-blvd-apt-211-flagler-beach-cg401g,,none,"not published on new site (3500 S Ocean Shore Blvd Apt 211, Flagler Beach FL); the Oct 2 old-site import brought every live old listing in as a draft at the same slug unless skipped, so this is most likely a draft on new site. Today the legacy redirect sends it to /newsite/properties (302) until published"
https://www.savvy-agents.com/properties/115-w-central-ave-delaware-11xqkr,,none,"not published on new site (115 W Central Ave, Delaware OH); the Oct 2 old-site import brought every live old listing in as a draft at the same slug unless skipped, so this is most likely a draft on new site. Today the legacy redirect sends it to /newsite/properties (302) until published"
https://www.savvy-agents.com/properties/7-old-marina-drive-ocean-isle-beach-fjl9yb,,none,"not published on new site (7 Old Marina Drive, Ocean Isle Beach NC); the Oct 2 old-site import brought every live old listing in as a draft at the same slug unless skipped, so this is most likely a draft on new site. Today the legacy redirect sends it to /newsite/properties (302) until published"
https://www.savvy-agents.com/properties/44-goldsboro-street-ocean-isle-beach-dkjv8p,,none,"not published on new site (44 Goldsboro Street, Ocean Isle Beach NC); the Oct 2 old-site import brought every live old listing in as a draft at the same slug unless skipped, so this is most likely a draft on new site. Today the legacy redirect sends it to /newsite/properties (302) until published"
https://www.savvy-agents.com/properties/330-s-middleton-drive-nw-unit-312-calabash-jnwhls,,none,"not published on new site (330 S Middleton Drive Nw Unit 312, Calabash NC); the Oct 2 old-site import brought every live old listing in as a draft at the same slug unless skipped, so this is most likely a draft on new site. Today the legacy redirect sends it to /newsite/properties (302) until published"
https://www.savvy-agents.com/properties/500-burton-dr-2313-tavernier-jj7v2a,,none,"not published on new site (500 Burton Dr #2313, Tavernier FL); the Oct 2 old-site import brought every live old listing in as a draft at the same slug unless skipped, so this is most likely a draft on new site. Today the legacy redirect sends it to /newsite/properties (302) until published"
https://www.savvy-agents.com/properties/72-club-house-drive-palm-coast-uls425,,none,"not published on new site (72 Club House Drive, Palm Coast FL); the Oct 2 old-site import brought every live old listing in as a draft at the same slug unless skipped, so this is most likely a draft on new site. Today the legacy redirect sends it to /newsite/properties (302) until published"
https://www.savvy-agents.com/properties/228-mountain-view-dr-pocono-lake-z69j4u,,none,"not published on new site (228 Mountain View Dr, Pocono Lake PA); the Oct 2 old-site import brought every live old listing in as a draft at the same slug unless skipped, so this is most likely a draft on new site. Today the legacy redirect sends it to /newsite/properties (302) until published"
https://www.savvy-agents.com/properties/44-chestnut-rd-lake-harmony-yh6t4u,,none,"not published on new site (44 Chestnut Rd, Lake Harmony PA); the Oct 2 old-site import brought every live old listing in as a draft at the same slug unless skipped, so this is most likely a draft on new site. Today the legacy redirect sends it to /newsite/properties (302) until published"
https://www.savvy-agents.com/properties/56-skye-dr-lake-harmony-a6wl21,,none,"not published on new site (56 Skye Dr, Lake Harmony PA); the Oct 2 old-site import brought every live old listing in as a draft at the same slug unless skipped, so this is most likely a draft on new site. Today the legacy redirect sends it to /newsite/properties (302) until published"
https://www.savvy-agents.com/properties/2007-phoebus-st-1174-kill-devil-hills-ltm1vo,,none,"not published on new site (2007 Phoebus St #1174, Kill Devil Hills NC); the Oct 2 old-site import brought every live old listing in as a draft at the same slug unless skipped, so this is most likely a draft on new site. Today the legacy redirect sends it to /newsite/properties (302) until published"
https://www.savvy-agents.com/properties/100-cookman-avenue-ocean-grove-lsxmos,,none,"not published on new site (100 Cookman Avenue, Ocean Grove NJ); the Oct 2 old-site import brought every live old listing in as a draft at the same slug unless skipped, so this is most likely a draft on new site. Today the legacy redirect sends it to /newsite/properties (302) until published"
https://www.savvy-agents.com/properties/9-carlton-dr-cape-may-31ouo6,,none,"not published on new site (9 Carlton Dr, Cape May NJ); the Oct 2 old-site import brought every live old listing in as a draft at the same slug unless skipped, so this is most likely a draft on new site. Today the legacy redirect sends it to /newsite/properties (302) until published"
https://www.savvy-agents.com/properties/2106-riverview-st-austin-l1cwgy,,none,"not published on new site (2106 Riverview St, Austin TX); the Oct 2 old-site import brought every live old listing in as a draft at the same slug unless skipped, so this is most likely a draft on new site. Today the legacy redirect sends it to /newsite/properties (302) until published"
https://www.savvy-agents.com/properties/5022-s-virginia-dare-trl-lot-13-nags-head-9p7isv,,none,"not published on new site (5022 S Virginia Dare Trl , Nags Head NC); the Oct 2 old-site import brought every live old listing in as a draft at the same slug unless skipped, so this is most likely a draft on new site. Today the legacy redirect sends it to /newsite/properties (302) until published"
https://www.savvy-agents.com/properties/1210-glade-st-college-station-3h1y3w,,none,"not published on new site (1210 Glade St, College Station TX); the Oct 2 old-site import brought every live old listing in as a draft at the same slug unless skipped, so this is most likely a draft on new site. Today the legacy redirect sends it to /newsite/properties (302) until published"
https://www.savvy-agents.com/properties/3951-myrtle-st-saint-augustine-i0okea,,none,"not published on new site (3951 Myrtle St, Saint Augustine FL); the Oct 2 old-site import brought every live old listing in as a draft at the same slug unless skipped, so this is most likely a draft on new site. Today the legacy redirect sends it to /newsite/properties (302) until published"
https://www.savvy-agents.com/properties/4450-kaipo-road-davenport-uktjwp,,none,"not published on new site (4450 Kaipo Road, Davenport FL); the Oct 2 old-site import brought every live old listing in as a draft at the same slug unless skipped, so this is most likely a draft on new site. Today the legacy redirect sends it to /newsite/properties (302) until published"
https://www.savvy-agents.com/properties/3403-fm-2325-wimberley-hv8gb7,,none,"not published on new site (3403 Fm 2325, Wimberley TX); the Oct 2 old-site import brought every live old listing in as a draft at the same slug unless skipped, so this is most likely a draft on new site. Today the legacy redirect sends it to /newsite/properties (302) until published"
https://www.savvy-agents.com/properties/312-ne-58th-street-oak-island-5g5ey0,,none,"not published on new site (312 Ne 58th Street, Oak Island NC); the Oct 2 old-site import brought every live old listing in as a draft at the same slug unless skipped, so this is most likely a draft on new site. Today the legacy redirect sends it to /newsite/properties (302) until published"
https://www.savvy-agents.com/properties/119-n-lake-dr-lake-harmony-1kn8gs,,none,"not published on new site (119 N Lake Dr, Lake Harmony PA); the Oct 2 old-site import brought every live old listing in as a draft at the same slug unless skipped, so this is most likely a draft on new site. Today the legacy redirect sends it to /newsite/properties (302) until published"
https://www.savvy-agents.com/properties/204-s-seacrest-circle-delray-beach-8mu7lx,,none,"not published on new site (204 S Seacrest Circle, Delray Beach FL); the Oct 2 old-site import brought every live old listing in as a draft at the same slug unless skipped, so this is most likely a draft on new site. Today the legacy redirect sends it to /newsite/properties (302) until published"
https://www.savvy-agents.com/properties/111-se-41st-street-oak-island-tg3icc,,none,"not published on new site (111 Se 41st Street, Oak Island NC); the Oct 2 old-site import brought every live old listing in as a draft at the same slug unless skipped, so this is most likely a draft on new site. Today the legacy redirect sends it to /newsite/properties (302) until published"
https://www.savvy-agents.com/properties/24250-perdido-beach-blvd-apt-4112-orange-beach-5z5hhw,,none,"not published on new site (24250 Perdido Beach Blvd Apt 4112, Orange Beach AL); the Oct 2 old-site import brought every live old listing in as a draft at the same slug unless skipped, so this is most likely a draft on new site. Today the legacy redirect sends it to /newsite/properties (302) until published"
https://www.savvy-agents.com/properties/23972-perdido-beach-blvd-2606-orange-beach-hra131,,none,"not published on new site (23972 Perdido Beach Blvd #2606, Orange Beach AL); the Oct 2 old-site import brought every live old listing in as a draft at the same slug unless skipped, so this is most likely a draft on new site. Today the legacy redirect sends it to /newsite/properties (302) until published"
https://www.savvy-agents.com/properties/40-magnolia-avenue-saint-augustine-93jrl1,,none,"not published on new site (40 Magnolia Avenue, Saint Augustine FL); the Oct 2 old-site import brought every live old listing in as a draft at the same slug unless skipped, so this is most likely a draft on new site. Today the legacy redirect sends it to /newsite/properties (302) until published"
https://www.savvy-agents.com/properties/137-ne-31st-street-oak-island-vscife,,none,"not published on new site (137 Ne 31st Street, Oak Island NC); the Oct 2 old-site import brought every live old listing in as a draft at the same slug unless skipped, so this is most likely a draft on new site. Today the legacy redirect sends it to /newsite/properties (302) until published"
https://www.savvy-agents.com/properties/104-ne-40th-street-oak-island-s5iapn,,none,"not published on new site (104 Ne 40th Street, Oak Island NC); the Oct 2 old-site import brought every live old listing in as a draft at the same slug unless skipped, so this is most likely a draft on new site. Today the legacy redirect sends it to /newsite/properties (302) until published"
https://www.savvy-agents.com/properties/917-e-beach-drive-oak-island-3sbivl,,none,"not published on new site (917 E Beach Drive, Oak Island NC); the Oct 2 old-site import brought every live old listing in as a draft at the same slug unless skipped, so this is most likely a draft on new site. Today the legacy redirect sends it to /newsite/properties (302) until published"
https://www.savvy-agents.com/properties/1932-cougar-crossing-way-sevierville-di37ei,,none,"not published on new site (1932 Cougar Crossing Way, Sevierville TN); the Oct 2 old-site import brought every live old listing in as a draft at the same slug unless skipped, so this is most likely a draft on new site. Today the legacy redirect sends it to /newsite/properties (302) until published"
https://www.savvy-agents.com/properties/19370-collins-ave-apt-1403-sunny-isles-beach-yv94zo,,none,"not published on new site (19370 Collins Ave Apt 1403, Sunny Isles Beach FL); the Oct 2 old-site import brought every live old listing in as a draft at the same slug unless skipped, so this is most likely a draft on new site. Today the legacy redirect sends it to /newsite/properties (302) until published"
https://www.savvy-agents.com/properties/80-king-ave-columbus-q6b7do,,none,"not published on new site (80 King Ave, Columbus OH); the Oct 2 old-site import brought every live old listing in as a draft at the same slug unless skipped, so this is most likely a draft on new site. Today the legacy redirect sends it to /newsite/properties (302) until published"
https://www.savvy-agents.com/properties/2242-jester-ct-tobyhanna-l3udeb,,none,"not published on new site (2242 Jester Ct, Tobyhanna PA); the Oct 2 old-site import brought every live old listing in as a draft at the same slug unless skipped, so this is most likely a draft on new site. Today the legacy redirect sends it to /newsite/properties (302) until published"
https://www.savvy-agents.com/properties/1710-s-virginia-dare-trl-apt-202n-kill-devil-hills-j97fnk,,none,"not published on new site (1710 S Virginia Dare Trl Apt 202n, Kill Devil Hills NC); the Oct 2 old-site import brought every live old listing in as a draft at the same slug unless skipped, so this is most likely a draft on new site. Today the legacy redirect sends it to /newsite/properties (302) until published"
https://www.savvy-agents.com/properties/2603-s-virginia-dare-trl-11-nags-head-yqi4tv,,none,"not published on new site (2603 S Virginia Dare Trl #11, Nags Head NC); the Oct 2 old-site import brought every live old listing in as a draft at the same slug unless skipped, so this is most likely a draft on new site. Today the legacy redirect sends it to /newsite/properties (302) until published"
https://www.savvy-agents.com/properties/38-magnolia-avenue-saint-augustine-n4ohny,,none,"not published on new site (38 Magnolia Avenue, Saint Augustine FL); the Oct 2 old-site import brought every live old listing in as a draft at the same slug unless skipped, so this is most likely a draft on new site. Today the legacy redirect sends it to /newsite/properties (302) until published"
https://www.savvy-agents.com/properties/10703-s-dimple-dell-dr-e-sandy-crwuri,,none,"not published on new site (10703 S Dimple Dell Dr E, Sandy UT); the Oct 2 old-site import brought every live old listing in as a draft at the same slug unless skipped, so this is most likely a draft on new site. Today the legacy redirect sends it to /newsite/properties (302) until published"
https://www.savvy-agents.com/properties/17-moss-pink-pl-asheville-p65hku,,none,"not published on new site (17 Moss Pink Pl, Asheville NC); the Oct 2 old-site import brought every live old listing in as a draft at the same slug unless skipped, so this is most likely a draft on new site. Today the legacy redirect sends it to /newsite/properties (302) until published"
https://www.savvy-agents.com/properties/30-seabolt-dr-morganton-f0fp6v,,none,"not published on new site (30 Seabolt Dr, Morganton GA); the Oct 2 old-site import brought every live old listing in as a draft at the same slug unless skipped, so this is most likely a draft on new site. Today the legacy redirect sends it to /newsite/properties (302) until published"
https://www.savvy-agents.com/properties/5-cheyenne-ct-palm-coast-6qlee0,,none,"not published on new site (5 Cheyenne Ct, Palm Coast FL); the Oct 2 old-site import brought every live old listing in as a draft at the same slug unless skipped, so this is most likely a draft on new site. Today the legacy redirect sends it to /newsite/properties (302) until published"
https://www.savvy-agents.com/properties/30-fernham-lane-palm-coast-38i5ff,,none,"not published on new site (30 Fernham Lane, Palm Coast FL); the Oct 2 old-site import brought every live old listing in as a draft at the same slug unless skipped, so this is most likely a draft on new site. Today the legacy redirect sends it to /newsite/properties (302) until published"
https://www.savvy-agents.com/properties/1414-shenandoah-dr-cedar-park-ykds1o,,none,"not published on new site (1414 Shenandoah Dr, Cedar Park TX); the Oct 2 old-site import brought every live old listing in as a draft at the same slug unless skipped, so this is most likely a draft on new site. Today the legacy redirect sends it to /newsite/properties (302) until published"
https://www.savvy-agents.com/properties/5009-mcintyre-cir-austin-tgvr7i,,none,"not published on new site (5009 Mcintyre Cir, Austin TX); the Oct 2 old-site import brought every live old listing in as a draft at the same slug unless skipped, so this is most likely a draft on new site. Today the legacy redirect sends it to /newsite/properties (302) until published"
https://www.savvy-agents.com/properties/217-sombrero-beach-rd-1-2-marathon-sr0hub,,none,"not published on new site (217 Sombrero Beach Rd #1 & 2, Marathon FL); the Oct 2 old-site import brought every live old listing in as a draft at the same slug unless skipped, so this is most likely a draft on new site. Today the legacy redirect sends it to /newsite/properties (302) until published"
https://www.savvy-agents.com/properties/9544-brief-rd-mint-hill-l4z4yj,,none,"not published on new site (9544 Brief Rd, Mint Hill NC); the Oct 2 old-site import brought every live old listing in as a draft at the same slug unless skipped, so this is most likely a draft on new site. Today the legacy redirect sends it to /newsite/properties (302) until published"
https://www.savvy-agents.com/properties/2259-spence-mountain-loop-sevierville-x8wdl0,,none,"not published on new site (2259 Spence Mountain Loop, Sevierville TN); the Oct 2 old-site import brought every live old listing in as a draft at the same slug unless skipped, so this is most likely a draft on new site. Today the legacy redirect sends it to /newsite/properties (302) until published"
https://www.savvy-agents.com/properties/4664-nottingham-heights-way-pigeon-forge-tob23l,,none,"not published on new site (4664 Nottingham Heights Way, Pigeon Forge TN); the Oct 2 old-site import brought every live old listing in as a draft at the same slug unless skipped, so this is most likely a draft on new site. Today the legacy redirect sends it to /newsite/properties (302) until published"
https://www.savvy-agents.com/properties/1130-black-bear-cub-way-sevierville-vzucnj,,none,"not published on new site (1130 Black Bear Cub Way, Sevierville TN); the Oct 2 old-site import brought every live old listing in as a draft at the same slug unless skipped, so this is most likely a draft on new site. Today the legacy redirect sends it to /newsite/properties (302) until published"
https://www.savvy-agents.com/properties/2908-banana-palm-drive-kissimmee-fq4igq,,none,"not published on new site (2908 Banana Palm Drive, Kissimmee FL); the Oct 2 old-site import brought every live old listing in as a draft at the same slug unless skipped, so this is most likely a draft on new site. Today the legacy redirect sends it to /newsite/properties (302) until published"
https://www.savvy-agents.com/properties/1805-w-oak-island-drive-oak-island-3j3shi,,none,"not published on new site (1805 W Oak Island Drive, Oak Island NC); the Oct 2 old-site import brought every live old listing in as a draft at the same slug unless skipped, so this is most likely a draft on new site. Today the legacy redirect sends it to /newsite/properties (302) until published"
https://www.savvy-agents.com/properties/1140-92nd-st-marathon-iya0u7,,none,"not published on new site (1140 92nd St, Marathon FL); the Oct 2 old-site import brought every live old listing in as a draft at the same slug unless skipped, so this is most likely a draft on new site. Today the legacy redirect sends it to /newsite/properties (302) until published"
https://www.savvy-agents.com/properties/2682-long-pond-rd-long-pond-h79f76,,none,"not published on new site (2682 Long Pond Rd, Long Pond PA); the Oct 2 old-site import brought every live old listing in as a draft at the same slug unless skipped, so this is most likely a draft on new site. Today the legacy redirect sends it to /newsite/properties (302) until published"
https://www.savvy-agents.com/properties/8-old-farm-house-rd-weaverville-6ddlz1,,none,"not published on new site (8 Old Farm House Rd, Weaverville NC); the Oct 2 old-site import brought every live old listing in as a draft at the same slug unless skipped, so this is most likely a draft on new site. Today the legacy redirect sends it to /newsite/properties (302) until published"
https://www.savvy-agents.com/properties/160-summerton-cir-east-stroudsburg-skzmcs,,none,"not published on new site (160 Summerton Cir, East Stroudsburg PA); the Oct 2 old-site import brought every live old listing in as a draft at the same slug unless skipped, so this is most likely a draft on new site. Today the legacy redirect sends it to /newsite/properties (302) until published"
https://www.savvy-agents.com/properties/108-ne-64th-street-oak-island-apbaix,,none,"not published on new site (108 Ne 64th Street, Oak Island NC); the Oct 2 old-site import brought every live old listing in as a draft at the same slug unless skipped, so this is most likely a draft on new site. Today the legacy redirect sends it to /newsite/properties (302) until published"
https://www.savvy-agents.com/properties/24400-perdido-beach-blvd-apt-614-orange-beach-6wn773,,none,"not published on new site (24400 Perdido Beach Blvd Apt 614, Orange Beach AL); the Oct 2 old-site import brought every live old listing in as a draft at the same slug unless skipped, so this is most likely a draft on new site. Today the legacy redirect sends it to /newsite/properties (302) until published"
https://www.savvy-agents.com/properties/511-e-beach-blvd-104-gulf-shores-xe0ban,,none,"not published on new site (511 E Beach Blvd #104, Gulf Shores AL); the Oct 2 old-site import brought every live old listing in as a draft at the same slug unless skipped, so this is most likely a draft on new site. Today the legacy redirect sends it to /newsite/properties (302) until published"
https://www.savvy-agents.com/properties/26350-perdido-beach-blvd-unit-c606-orange-beach-uv2lol,,none,"not published on new site (26350 Perdido Beach Blvd Unit C606, Orange Beach AL); the Oct 2 old-site import brought every live old listing in as a draft at the same slug unless skipped, so this is most likely a draft on new site. Today the legacy redirect sends it to /newsite/properties (302) until published"
https://www.savvy-agents.com/properties/4581-route-447-canadensis-2dz9sh,,none,"not published on new site (4581 Route 447, Canadensis PA); the Oct 2 old-site import brought every live old listing in as a draft at the same slug unless skipped, so this is most likely a draft on new site. Today the legacy redirect sends it to /newsite/properties (302) until published"
https://www.savvy-agents.com/properties/1010-w-eagle-mountain-trl-broken-bow-fbunyf,,none,"not published on new site (1010 W Eagle Mountain Trl, Broken Bow OK); the Oct 2 old-site import brought every live old listing in as a draft at the same slug unless skipped, so this is most likely a draft on new site. Today the legacy redirect sends it to /newsite/properties (302) until published"
https://www.savvy-agents.com/properties/304-holly-ridge-rd-mount-jackson-cvzxdd,,none,"not published on new site (304 Holly Ridge Rd, Mount Jackson VA); the Oct 2 old-site import brought every live old listing in as a draft at the same slug unless skipped, so this is most likely a draft on new site. Today the legacy redirect sends it to /newsite/properties (302) until published"
https://www.savvy-agents.com/properties/1835-zurich-ct-gatlinburg-jxwpfv,,none,"not published on new site (1835 Zurich Ct, Gatlinburg TN); the Oct 2 old-site import brought every live old listing in as a draft at the same slug unless skipped, so this is most likely a draft on new site. Today the legacy redirect sends it to /newsite/properties (302) until published"
https://www.savvy-agents.com/properties/18-spencers-xing-saint-peters-tqv16v,,none,"not published on new site (18 Spencers Xing, Saint Peters MO); the Oct 2 old-site import brought every live old listing in as a draft at the same slug unless skipped, so this is most likely a draft on new site. Today the legacy redirect sends it to /newsite/properties (302) until published"
https://www.savvy-agents.com/properties/4582-coastal-highway-saint-augustine-fuse4t,,none,"not published on new site (4582 Coastal Highway, Saint Augustine FL); the Oct 2 old-site import brought every live old listing in as a draft at the same slug unless skipped, so this is most likely a draft on new site. Today the legacy redirect sends it to /newsite/properties (302) until published"
https://www.savvy-agents.com/properties/66-beachhurst-dr-cape-may-44evh0,,none,"not published on new site (66 Beachhurst Dr, Cape May NJ); the Oct 2 old-site import brought every live old listing in as a draft at the same slug unless skipped, so this is most likely a draft on new site. Today the legacy redirect sends it to /newsite/properties (302) until published"
https://www.savvy-agents.com/properties/3254-state-highway-180-gulf-shores-37r366,,none,"not published on new site (3254 State Highway 180, Gulf Shores AL); the Oct 2 old-site import brought every live old listing in as a draft at the same slug unless skipped, so this is most likely a draft on new site. Today the legacy redirect sends it to /newsite/properties (302) until published"
https://www.savvy-agents.com/properties/23450-perdido-beach-blvd-2708-orange-beach-w1gkkl,,none,"not published on new site (23450 Perdido Beach Blvd #2708, Orange Beach AL); the Oct 2 old-site import brought every live old listing in as a draft at the same slug unless skipped, so this is most likely a draft on new site. Today the legacy redirect sends it to /newsite/properties (302) until published"
https://www.savvy-agents.com/properties/6052-sawgrass-cir-gulf-shores-ogrst1,,none,"not published on new site (6052 Sawgrass Cir, Gulf Shores AL); the Oct 2 old-site import brought every live old listing in as a draft at the same slug unless skipped, so this is most likely a draft on new site. Today the legacy redirect sends it to /newsite/properties (302) until published"
https://www.savvy-agents.com/properties/23972-perdido-beach-blvd-1906-orange-beach-9gkqw5,,none,"not published on new site (23972 Perdido Beach Blvd #1906, Orange Beach AL); the Oct 2 old-site import brought every live old listing in as a draft at the same slug unless skipped, so this is most likely a draft on new site. Today the legacy redirect sends it to /newsite/properties (302) until published"
https://www.savvy-agents.com/properties/119-secluded-cir-broken-bow-g39ou8,,none,"not published on new site (119 Secluded Cir, Broken Bow OK); the Oct 2 old-site import brought every live old listing in as a draft at the same slug unless skipped, so this is most likely a draft on new site. Today the legacy redirect sends it to /newsite/properties (302) until published"
https://www.savvy-agents.com/properties/5070-whitefish-stage-rd-whitefish-967xuk,,none,"not published on new site (5070 Whitefish Stage Rd, Whitefish MT); the Oct 2 old-site import brought every live old listing in as a draft at the same slug unless skipped, so this is most likely a draft on new site. Today the legacy redirect sends it to /newsite/properties (302) until published"
https://www.savvy-agents.com/properties/1901-summer-drive-davenport-migey7,,none,"not published on new site (1901 Summer Drive, Davenport FL); the Oct 2 old-site import brought every live old listing in as a draft at the same slug unless skipped, so this is most likely a draft on new site. Today the legacy redirect sends it to /newsite/properties (302) until published"
https://www.savvy-agents.com/properties/6602-w-beach-drive-oak-island-hbzq0z,,none,"not published on new site (6602 W Beach Drive, Oak Island NC); the Oct 2 old-site import brought every live old listing in as a draft at the same slug unless skipped, so this is most likely a draft on new site. Today the legacy redirect sends it to /newsite/properties (302) until published"
https://www.savvy-agents.com/properties/1073-lighthouse-dr-lot-2-corolla-l5wxbn,,none,"not published on new site (1073 Lighthouse Dr Lot 2, Corolla NC); the Oct 2 old-site import brought every live old listing in as a draft at the same slug unless skipped, so this is most likely a draft on new site. Today the legacy redirect sends it to /newsite/properties (302) until published"
https://www.savvy-agents.com/properties/18918-casper-dr-spring-17vvye,,none,"not published on new site (18918 Casper Dr, Spring TX); the Oct 2 old-site import brought every live old listing in as a draft at the same slug unless skipped, so this is most likely a draft on new site. Today the legacy redirect sends it to /newsite/properties (302) until published"
https://www.savvy-agents.com/properties/2371-sandfiddler-rd-lot-4-corolla-h9rknu,,none,"not published on new site (2371 Sandfiddler Rd Lot 4, Corolla NC); the Oct 2 old-site import brought every live old listing in as a draft at the same slug unless skipped, so this is most likely a draft on new site. Today the legacy redirect sends it to /newsite/properties (302) until published"
https://www.savvy-agents.com/properties/4012b-e-dolphin-drive-oak-island-w916c9,,none,"not published on new site (4012b E Dolphin Drive, Oak Island NC); the Oct 2 old-site import brought every live old listing in as a draft at the same slug unless skipped, so this is most likely a draft on new site. Today the legacy redirect sends it to /newsite/properties (302) until published"
https://www.savvy-agents.com/properties/16-danielbrooke-dr-asheville-sa2rhx,,none,"not published on new site (16 Danielbrooke Dr, Asheville NC); the Oct 2 old-site import brought every live old listing in as a draft at the same slug unless skipped, so this is most likely a draft on new site. Today the legacy redirect sends it to /newsite/properties (302) until published"
https://www.savvy-agents.com/properties/137-ferrol-rd-saint-augustine-gk1wby,,none,"not published on new site (137 Ferrol Rd, Saint Augustine FL); the Oct 2 old-site import brought every live old listing in as a draft at the same slug unless skipped, so this is most likely a draft on new site. Today the legacy redirect sends it to /newsite/properties (302) until published"
https://www.savvy-agents.com/properties/102-anglers-way-islamorada-znpu9t,,none,"not published on new site (102 Anglers Way, Islamorada FL); the Oct 2 old-site import brought every live old listing in as a draft at the same slug unless skipped, so this is most likely a draft on new site. Today the legacy redirect sends it to /newsite/properties (302) until published"
https://www.savvy-agents.com/properties/32-s-lake-dr-lake-harmony-fqa5wo,,none,"not published on new site (32 S Lake Dr, Lake Harmony PA); the Oct 2 old-site import brought every live old listing in as a draft at the same slug unless skipped, so this is most likely a draft on new site. Today the legacy redirect sends it to /newsite/properties (302) until published"
https://www.savvy-agents.com/properties/37-frost-lane-penn-forest-township-b5xy7r,,none,"not published on new site (37 Frost Lane Penn, Forest Township PA); the Oct 2 old-site import brought every live old listing in as a draft at the same slug unless skipped, so this is most likely a draft on new site. Today the legacy redirect sends it to /newsite/properties (302) until published"
https://www.savvy-agents.com/properties/5161-classic-dr-tobyhanna-x77k5s,,none,"not published on new site (5161 Classic Dr, Tobyhanna PA); the Oct 2 old-site import brought every live old listing in as a draft at the same slug unless skipped, so this is most likely a draft on new site. Today the legacy redirect sends it to /newsite/properties (302) until published"
https://www.savvy-agents.com/properties/2115-mink-ln-long-pond-8lmnh0,,none,"not published on new site (2115 Mink Ln, Long Pond PA); the Oct 2 old-site import brought every live old listing in as a draft at the same slug unless skipped, so this is most likely a draft on new site. Today the legacy redirect sends it to /newsite/properties (302) until published"
https://www.savvy-agents.com/properties/1460-waterfront-dr-tobyhanna-b5uwk9,,none,"not published on new site (1460 Waterfront Dr, Tobyhanna PA); the Oct 2 old-site import brought every live old listing in as a draft at the same slug unless skipped, so this is most likely a draft on new site. Today the legacy redirect sends it to /newsite/properties (302) until published"
https://www.savvy-agents.com/properties/204-trout-creek-dr-pocono-lake-vmz1vy,,none,"not published on new site (204 Trout Creek Dr, Pocono Lake PA); the Oct 2 old-site import brought every live old listing in as a draft at the same slug unless skipped, so this is most likely a draft on new site. Today the legacy redirect sends it to /newsite/properties (302) until published"
https://www.savvy-agents.com/properties/74-lakeview-dr-lake-harmony-qx8n1v,,none,"not published on new site (74 Lakeview Dr, Lake Harmony PA); the Oct 2 old-site import brought every live old listing in as a draft at the same slug unless skipped, so this is most likely a draft on new site. Today the legacy redirect sends it to /newsite/properties (302) until published"
https://www.savvy-agents.com/properties/157-greenwood-dr-blakeslee-z90eoh,,none,"not published on new site (157 Greenwood Dr, Blakeslee PA); the Oct 2 old-site import brought every live old listing in as a draft at the same slug unless skipped, so this is most likely a draft on new site. Today the legacy redirect sends it to /newsite/properties (302) until published"
https://www.savvy-agents.com/properties/353-scotch-pine-dr-pocono-summit-1k4olt,,none,"not published on new site (353 Scotch Pine Dr, Pocono Summit PA); the Oct 2 old-site import brought every live old listing in as a draft at the same slug unless skipped, so this is most likely a draft on new site. Today the legacy redirect sends it to /newsite/properties (302) until published"
https://www.savvy-agents.com/properties/112-tawny-fox-trl-east-stroudsburg-ipxns9,,none,"not published on new site (112 Tawny Fox Trl, East Stroudsburg PA); the Oct 2 old-site import brought every live old listing in as a draft at the same slug unless skipped, so this is most likely a draft on new site. Today the legacy redirect sends it to /newsite/properties (302) until published"
https://www.savvy-agents.com/properties/46-conifer-trl-broken-bow-q04t8l,,none,"not published on new site (46 Conifer Trl, Broken Bow OK); the Oct 2 old-site import brought every live old listing in as a draft at the same slug unless skipped, so this is most likely a draft on new site. Today the legacy redirect sends it to /newsite/properties (302) until published"
https://www.savvy-agents.com/properties/1091-clover-rd-long-pond-pkso9e,,none,"not published on new site (1091 Clover Rd, Long Pond PA); the Oct 2 old-site import brought every live old listing in as a draft at the same slug unless skipped, so this is most likely a draft on new site. Today the legacy redirect sends it to /newsite/properties (302) until published"
https://www.savvy-agents.com/properties/303-3rd-st-saint-augustine-yi58yd,,none,"not published on new site (303 3rd St, Saint Augustine FL); the Oct 2 old-site import brought every live old listing in as a draft at the same slug unless skipped, so this is most likely a draft on new site. Today the legacy redirect sends it to /newsite/properties (302) until published"
https://www.savvy-agents.com/properties/132-crystal-dr-long-pond-0xdvvi,,none,"not published on new site (132 Crystal Dr, Long Pond PA); the Oct 2 old-site import brought every live old listing in as a draft at the same slug unless skipped, so this is most likely a draft on new site. Today the legacy redirect sends it to /newsite/properties (302) until published"
https://www.savvy-agents.com/properties/237-eastshore-dr-east-stroudsburg-2xark8,,none,"not published on new site (237 Eastshore Dr, East Stroudsburg PA); the Oct 2 old-site import brought every live old listing in as a draft at the same slug unless skipped, so this is most likely a draft on new site. Today the legacy redirect sends it to /newsite/properties (302) until published"
https://www.savvy-agents.com/properties/3215-n-virginia-dare-trl-lot-1-n-kill-devil-hills-l44xjt,,none,"not published on new site (3215 N Virginia Dare Trl Lot 1-N, Kill Devil Hills NC); the Oct 2 old-site import brought every live old listing in as a draft at the same slug unless skipped, so this is most likely a draft on new site. Today the legacy redirect sends it to /newsite/properties (302) until published"
https://www.savvy-agents.com/properties/625-sir-gawain-ct-pocono-lake-u6w9uz,,none,"not published on new site (625 Sir Gawain Ct, Pocono Lake PA); the Oct 2 old-site import brought every live old listing in as a draft at the same slug unless skipped, so this is most likely a draft on new site. Today the legacy redirect sends it to /newsite/properties (302) until published"
https://www.savvy-agents.com/properties/96-wolf-hollow-rd-lake-harmony-h11lwb,,none,"not published on new site (96 Wolf Hollow Rd, Lake Harmony PA); the Oct 2 old-site import brought every live old listing in as a draft at the same slug unless skipped, so this is most likely a draft on new site. Today the legacy redirect sends it to /newsite/properties (302) until published"
https://www.savvy-agents.com/properties/326-fawn-rd-pocono-lake-e2194f,,none,"not published on new site (326 Fawn Rd, Pocono Lake PA); the Oct 2 old-site import brought every live old listing in as a draft at the same slug unless skipped, so this is most likely a draft on new site. Today the legacy redirect sends it to /newsite/properties (302) until published"
https://www.savvy-agents.com/properties/158-pineknoll-dr-lake-harmony-lut9by,,none,"not published on new site (158 Pineknoll Dr, Lake Harmony PA); the Oct 2 old-site import brought every live old listing in as a draft at the same slug unless skipped, so this is most likely a draft on new site. Today the legacy redirect sends it to /newsite/properties (302) until published"
https://www.savvy-agents.com/properties/139-lucretius-trl-albrightsville-r8uste,,none,"not published on new site (139 Lucretius Trl, Albrightsville PA); the Oct 2 old-site import brought every live old listing in as a draft at the same slug unless skipped, so this is most likely a draft on new site. Today the legacy redirect sends it to /newsite/properties (302) until published"
https://www.savvy-agents.com/properties/1271-kilmer-rd-tobyhanna-iy7tb3,,none,"not published on new site (1271 Kilmer Rd, Tobyhanna PA); the Oct 2 old-site import brought every live old listing in as a draft at the same slug unless skipped, so this is most likely a draft on new site. Today the legacy redirect sends it to /newsite/properties (302) until published"
https://www.savvy-agents.com/properties/5165-white-birch-dr-long-pond-4p11oz,,none,"not published on new site (5165 White Birch Dr, Long Pond PA); the Oct 2 old-site import brought every live old listing in as a draft at the same slug unless skipped, so this is most likely a draft on new site. Today the legacy redirect sends it to /newsite/properties (302) until published"
https://www.savvy-agents.com/properties/46-boulder-grv-broken-bow-j67r0h,,none,"not published on new site (46 Boulder Grv, Broken Bow OK); the Oct 2 old-site import brought every live old listing in as a draft at the same slug unless skipped, so this is most likely a draft on new site. Today the legacy redirect sends it to /newsite/properties (302) until published"
https://www.savvy-agents.com/properties/755-s-zion-ridge-dr-orderville-qffl9h,,none,"not published on new site (755 S Zion Ridge Dr, Orderville UT); the Oct 2 old-site import brought every live old listing in as a draft at the same slug unless skipped, so this is most likely a draft on new site. Today the legacy redirect sends it to /newsite/properties (302) until published"
https://www.savvy-agents.com/properties/14116-s-timber-ridge-dr-draper-6vlsb6,,none,"not published on new site (14116 S Timber Ridge Dr, Draper UT); the Oct 2 old-site import brought every live old listing in as a draft at the same slug unless skipped, so this is most likely a draft on new site. Today the legacy redirect sends it to /newsite/properties (302) until published"
https://www.savvy-agents.com/properties/7005-harbor-village-dr-duck-key-joh9ku,,none,"not published on new site (7005 Harbor Village Dr, Duck Key FL); the Oct 2 old-site import brought every live old listing in as a draft at the same slug unless skipped, so this is most likely a draft on new site. Today the legacy redirect sends it to /newsite/properties (302) until published"
https://www.savvy-agents.com/properties/225-timberidge-dr-saint-peters-uq8xqh,,none,"not published on new site (225 Timberidge Dr, Saint Peters MO); the Oct 2 old-site import brought every live old listing in as a draft at the same slug unless skipped, so this is most likely a draft on new site. Today the legacy redirect sends it to /newsite/properties (302) until published"
https://www.savvy-agents.com/properties/36-e-400-n-heber-4k5unx,,none,"not published on new site (36 E 400 N, Heber UT); the Oct 2 old-site import brought every live old listing in as a draft at the same slug unless skipped, so this is most likely a draft on new site. Today the legacy redirect sends it to /newsite/properties (302) until published"
https://www.savvy-agents.com/properties/1441-waterfront-dr-tobyhanna-t5paay,,none,"not published on new site (1441 Waterfront Dr, Tobyhanna PA); the Oct 2 old-site import brought every live old listing in as a draft at the same slug unless skipped, so this is most likely a draft on new site. Today the legacy redirect sends it to /newsite/properties (302) until published"
https://www.savvy-agents.com/properties/4116-low-ridge-rd-pocono-summit-s163dh,,none,"not published on new site (4116 Low Ridge Rd, Pocono Summit PA); the Oct 2 old-site import brought every live old listing in as a draft at the same slug unless skipped, so this is most likely a draft on new site. Today the legacy redirect sends it to /newsite/properties (302) until published"
https://www.savvy-agents.com/properties/2691-jessie-rd-6-sevierville-vcjqcw,,none,"not published on new site (2691 Jessie Rd #6, Sevierville TN); the Oct 2 old-site import brought every live old listing in as a draft at the same slug unless skipped, so this is most likely a draft on new site. Today the legacy redirect sends it to /newsite/properties (302) until published"
https://www.savvy-agents.com/properties/1870-mountain-ash-way-sevierville-9elptq,,none,"not published on new site (1870 Mountain Ash Way, Sevierville TN); the Oct 2 old-site import brought every live old listing in as a draft at the same slug unless skipped, so this is most likely a draft on new site. Today the legacy redirect sends it to /newsite/properties (302) until published"
https://www.savvy-agents.com/properties/619-n-rupple-rd-fayetteville-7q1drm,,none,"not published on new site (619 N Rupple Rd, Fayetteville AR); the Oct 2 old-site import brought every live old listing in as a draft at the same slug unless skipped, so this is most likely a draft on new site. Today the legacy redirect sends it to /newsite/properties (302) until published"
https://www.savvy-agents.com/properties/21289-maple-dr-garfield-hr0t23,,none,"not published on new site (21289 Maple Dr, Garfield AR); the Oct 2 old-site import brought every live old listing in as a draft at the same slug unless skipped, so this is most likely a draft on new site. Today the legacy redirect sends it to /newsite/properties (302) until published"
https://www.savvy-agents.com/properties/703-nw-j-st-bentonville-n234ky,,none,"not published on new site (703 Nw J St, Bentonville AR); the Oct 2 old-site import brought every live old listing in as a draft at the same slug unless skipped, so this is most likely a draft on new site. Today the legacy redirect sends it to /newsite/properties (302) until published"
https://www.savvy-agents.com/properties/1702-sw-d-st-bentonville-c09avv,,none,"not published on new site (1702 Sw D St, Bentonville AR); the Oct 2 old-site import brought every live old listing in as a draft at the same slug unless skipped, so this is most likely a draft on new site. Today the legacy redirect sends it to /newsite/properties (302) until published"
https://www.savvy-agents.com/properties/2906-northaven-dr-bentonville-yu2nr1,,none,"not published on new site (2906 Northaven Dr, Bentonville AR); the Oct 2 old-site import brought every live old listing in as a draft at the same slug unless skipped, so this is most likely a draft on new site. Today the legacy redirect sends it to /newsite/properties (302) until published"
https://www.savvy-agents.com/properties/1801-kimberly-pl-bentonville-0ddvr5,,none,"not published on new site (1801 Kimberly Pl, Bentonville AR); the Oct 2 old-site import brought every live old listing in as a draft at the same slug unless skipped, so this is most likely a draft on new site. Today the legacy redirect sends it to /newsite/properties (302) until published"
https://www.savvy-agents.com/properties/11661-oak-hills-dr-bentonville-jrecf4,,none,"not published on new site (11661 Oak Hills Dr, Bentonville AR); the Oct 2 old-site import brought every live old listing in as a draft at the same slug unless skipped, so this is most likely a draft on new site. Today the legacy redirect sends it to /newsite/properties (302) until published"
https://www.savvy-agents.com/properties/310-sw-11th-st-bentonville-h11pw2,,none,"not published on new site (310 Sw 11th St, Bentonville AR); the Oct 2 old-site import brought every live old listing in as a draft at the same slug unless skipped, so this is most likely a draft on new site. Today the legacy redirect sends it to /newsite/properties (302) until published"
https://www.savvy-agents.com/properties/802-nw-j-st-bentonville-1wl5uc,,none,"not published on new site (802 Nw J St, Bentonville AR); the Oct 2 old-site import brought every live old listing in as a draft at the same slug unless skipped, so this is most likely a draft on new site. Today the legacy redirect sends it to /newsite/properties (302) until published"
https://www.savvy-agents.com/properties/2515-se-4th-st-bentonville-4mtgj8,,none,"not published on new site (2515 Se 4th St, Bentonville AR); the Oct 2 old-site import brought every live old listing in as a draft at the same slug unless skipped, so this is most likely a draft on new site. Today the legacy redirect sends it to /newsite/properties (302) until published"
https://www.savvy-agents.com/properties/1500-ocean-bay-dr-apt-a1-key-largo-lvl2jo,,none,"not published on new site (1500 Ocean Bay Dr Apt A1, Key Largo FL); the Oct 2 old-site import brought every live old listing in as a draft at the same slug unless skipped, so this is most likely a draft on new site. Today the legacy redirect sends it to /newsite/properties (302) until published"
https://www.savvy-agents.com/properties/2872-sequoia-rd-pigeon-forge-62myll,,none,"not published on new site (2872 Sequoia Rd, Pigeon Forge TN); the Oct 2 old-site import brought every live old listing in as a draft at the same slug unless skipped, so this is most likely a draft on new site. Today the legacy redirect sends it to /newsite/properties (302) until published"
https://www.savvy-agents.com/properties/793-chestnut-dr-gatlinburg-yosltz,,none,"not published on new site (793 Chestnut Dr, Gatlinburg TN); the Oct 2 old-site import brought every live old listing in as a draft at the same slug unless skipped, so this is most likely a draft on new site. Today the legacy redirect sends it to /newsite/properties (302) until published"
https://www.savvy-agents.com/properties/2823-white-oak-ridge-ln-sevierville-1jts7e,,none,"not published on new site (2823 White Oak Ridge Ln, Sevierville TN); the Oct 2 old-site import brought every live old listing in as a draft at the same slug unless skipped, so this is most likely a draft on new site. Today the legacy redirect sends it to /newsite/properties (302) until published"
https://www.savvy-agents.com/properties/192-e-2nd-ave-columbus-kcebi1,,none,"not published on new site (192 E 2nd Ave, Columbus OH); the Oct 2 old-site import brought every live old listing in as a draft at the same slug unless skipped, so this is most likely a draft on new site. Today the legacy redirect sends it to /newsite/properties (302) until published"
https://www.savvy-agents.com/properties/1003-pennsylvania-ave-columbus-kxvayv,,none,"not published on new site (1003 Pennsylvania Ave, Columbus OH); the Oct 2 old-site import brought every live old listing in as a draft at the same slug unless skipped, so this is most likely a draft on new site. Today the legacy redirect sends it to /newsite/properties (302) until published"
https://www.savvy-agents.com/properties/4213-washington-blvd-saint-louis-ntnusw,,none,"not published on new site (4213 Washington Blvd, Saint Louis MO); the Oct 2 old-site import brought every live old listing in as a draft at the same slug unless skipped, so this is most likely a draft on new site. Today the legacy redirect sends it to /newsite/properties (302) until published"
https://www.savvy-agents.com/properties/6-unicorn-court-a-b-palm-coast-06srcg,,none,"not published on new site (6 Unicorn Court #A & B, Palm Coast FL); the Oct 2 old-site import brought every live old listing in as a draft at the same slug unless skipped, so this is most likely a draft on new site. Today the legacy redirect sends it to /newsite/properties (302) until published"
https://www.savvy-agents.com/properties/13-ellsworth-dr-palm-coast-sfo6va,,none,"not published on new site (13 Ellsworth Dr, Palm Coast FL); the Oct 2 old-site import brought every live old listing in as a draft at the same slug unless skipped, so this is most likely a draft on new site. Today the legacy redirect sends it to /newsite/properties (302) until published"
https://www.savvy-agents.com/properties/550-cinnamon-beach-lane-palm-coast-kymiuo,,none,"not published on new site (550 Cinnamon Beach Lane, Palm Coast FL); the Oct 2 old-site import brought every live old listing in as a draft at the same slug unless skipped, so this is most likely a draft on new site. Today the legacy redirect sends it to /newsite/properties (302) until published"
https://www.savvy-agents.com/properties/8721-s-old-oregon-inlet-rd-lot-8-nags-head-kwsnq6,,none,"not published on new site (8721 S Old Oregon Inlet Rd Lot 8, Nags Head NC); the Oct 2 old-site import brought every live old listing in as a draft at the same slug unless skipped, so this is most likely a draft on new site. Today the legacy redirect sends it to /newsite/properties (302) until published"
https://www.savvy-agents.com/properties/5515-s-virginia-dare-trl-b-1-nags-head-hq8qy1,,none,"not published on new site (5515 S Virginia Dare Trl #B-1, Nags Head NC); the Oct 2 old-site import brought every live old listing in as a draft at the same slug unless skipped, so this is most likely a draft on new site. Today the legacy redirect sends it to /newsite/properties (302) until published"
https://www.savvy-agents.com/properties/3-little-tim-is-lot-3-wanchese-k3paop,,none,"not published on new site (3 Little Tim Is Lot 3, Wanchese NC); the Oct 2 old-site import brought every live old listing in as a draft at the same slug unless skipped, so this is most likely a draft on new site. Today the legacy redirect sends it to /newsite/properties (302) until published"
https://www.savvy-agents.com/properties/1202-fletcher-ave-indianapolis-kq5aol,,none,"not published on new site (1202 Fletcher Ave, Indianapolis IN); the Oct 2 old-site import brought every live old listing in as a draft at the same slug unless skipped, so this is most likely a draft on new site. Today the legacy redirect sends it to /newsite/properties (302) until published"
https://www.savvy-agents.com/properties/2083-scarborough-way-bushkill-xvvxhw,,none,"not published on new site (2083 Scarborough Way, Bushkill PA); the Oct 2 old-site import brought every live old listing in as a draft at the same slug unless skipped, so this is most likely a draft on new site. Today the legacy redirect sends it to /newsite/properties (302) until published"
https://www.savvy-agents.com/properties/1218-orange-st-indianapolis-lfqx0a,,none,"not published on new site (1218 Orange St, Indianapolis IN); the Oct 2 old-site import brought every live old listing in as a draft at the same slug unless skipped, so this is most likely a draft on new site. Today the legacy redirect sends it to /newsite/properties (302) until published"
https://www.savvy-agents.com/properties/3500-victor-st-saint-louis-r8zyid,,none,"not published on new site (3500 Victor St, Saint Louis MO); the Oct 2 old-site import brought every live old listing in as a draft at the same slug unless skipped, so this is most likely a draft on new site. Today the legacy redirect sends it to /newsite/properties (302) until published"
https://www.savvy-agents.com/properties/123-ne-15th-street-oak-island-bhnake,,none,"not published on new site (123 Ne 15th Street, Oak Island NC); the Oct 2 old-site import brought every live old listing in as a draft at the same slug unless skipped, so this is most likely a draft on new site. Today the legacy redirect sends it to /newsite/properties (302) until published"
https://www.savvy-agents.com/properties/500-burton-dr-2202-tavernier-f0qyox,,none,"not published on new site (500 Burton Dr #2202, Tavernier FL); the Oct 2 old-site import brought every live old listing in as a draft at the same slug unless skipped, so this is most likely a draft on new site. Today the legacy redirect sends it to /newsite/properties (302) until published"
https://www.savvy-agents.com/properties/201-3rd-ave-melbourne-beach-rrbp0v,,none,"not published on new site (201 3rd Ave, Melbourne Beach FL); the Oct 2 old-site import brought every live old listing in as a draft at the same slug unless skipped, so this is most likely a draft on new site. Today the legacy redirect sends it to /newsite/properties (302) until published"
https://www.savvy-agents.com/properties/81-ballast-point-dr-lot-112-manteo-g2tgf1,,none,"not published on new site (81 Ballast Point Dr Lot 112, Manteo NC); the Oct 2 old-site import brought every live old listing in as a draft at the same slug unless skipped, so this is most likely a draft on new site. Today the legacy redirect sends it to /newsite/properties (302) until published"
https://www.savvy-agents.com/properties/5613-s-virginia-dare-trl-v-nags-head-ura9yj,,none,"not published on new site (5613 S Virginia Dare Trl #V, Nags Head NC); the Oct 2 old-site import brought every live old listing in as a draft at the same slug unless skipped, so this is most likely a draft on new site. Today the legacy redirect sends it to /newsite/properties (302) until published"
https://www.savvy-agents.com/properties/3102-bay-dr-lot-9-11-kill-devil-hills-h0pd7k,,none,"not published on new site (3102 Bay Dr Lot 9-11, Kill Devil Hills NC); the Oct 2 old-site import brought every live old listing in as a draft at the same slug unless skipped, so this is most likely a draft on new site. Today the legacy redirect sends it to /newsite/properties (302) until published"
https://www.savvy-agents.com/properties/3402-cherokee-ridge-way-sevierville-jicnov,,none,"not published on new site (3402 Cherokee Ridge Way, Sevierville TN); the Oct 2 old-site import brought every live old listing in as a draft at the same slug unless skipped, so this is most likely a draft on new site. Today the legacy redirect sends it to /newsite/properties (302) until published"
https://www.savvy-agents.com/properties/118-ne-19th-street-oak-island-jx7ofu,,none,"not published on new site (118 Ne 19th Street, Oak Island NC); the Oct 2 old-site import brought every live old listing in as a draft at the same slug unless skipped, so this is most likely a draft on new site. Today the legacy redirect sends it to /newsite/properties (302) until published"
https://www.savvy-agents.com/properties/57-mccauley-ln-travelers-rest-gc55j7,,none,"not published on new site (57 Mccauley Ln, Travelers Rest SC); the Oct 2 old-site import brought every live old listing in as a draft at the same slug unless skipped, so this is most likely a draft on new site. Today the legacy redirect sends it to /newsite/properties (302) until published"
https://www.savvy-agents.com/properties/2931-s-ponte-vedra-boulevard-ponte-vedra-beach-5ehedz,,none,"not published on new site (2931 S Ponte Vedra Boulevard, Ponte Vedra Beach FL); the Oct 2 old-site import brought every live old listing in as a draft at the same slug unless skipped, so this is most likely a draft on new site. Today the legacy redirect sends it to /newsite/properties (302) until published"
https://www.savvy-agents.com/properties/701-cabana-beach-rd-gulf-shores-uifvee,,none,"not published on new site (701 Cabana Beach Rd, Gulf Shores AL); the Oct 2 old-site import brought every live old listing in as a draft at the same slug unless skipped, so this is most likely a draft on new site. Today the legacy redirect sends it to /newsite/properties (302) until published"
https://www.savvy-agents.com/properties/6782-palmetto-dr-gulf-shores-e9xd7x,,none,"not published on new site (6782 Palmetto Dr, Gulf Shores AL); the Oct 2 old-site import brought every live old listing in as a draft at the same slug unless skipped, so this is most likely a draft on new site. Today the legacy redirect sends it to /newsite/properties (302) until published"
https://www.savvy-agents.com/properties/1013-w-lagoon-ave-gulf-shores-3p6ajc,,none,"not published on new site (1013 W Lagoon Ave, Gulf Shores AL); the Oct 2 old-site import brought every live old listing in as a draft at the same slug unless skipped, so this is most likely a draft on new site. Today the legacy redirect sends it to /newsite/properties (302) until published"
https://www.savvy-agents.com/properties/8941-bonita-ln-gulf-shores-a39k7u,,none,"not published on new site (8941 Bonita Ln, Gulf Shores AL); the Oct 2 old-site import brought every live old listing in as a draft at the same slug unless skipped, so this is most likely a draft on new site. Today the legacy redirect sends it to /newsite/properties (302) until published"
https://www.savvy-agents.com/properties/8928-bismarck-palm-road-kissimmee-wxxlkz,,none,"not published on new site (8928 Bismarck Palm Road, Kissimmee FL); the Oct 2 old-site import brought every live old listing in as a draft at the same slug unless skipped, so this is most likely a draft on new site. Today the legacy redirect sends it to /newsite/properties (302) until published"
https://www.savvy-agents.com/properties/7428-thomas-dr-panama-city-beach-mti8t4,,none,"not published on new site (7428 Thomas Dr, Panama City Beach FL); the Oct 2 old-site import brought every live old listing in as a draft at the same slug unless skipped, so this is most likely a draft on new site. Today the legacy redirect sends it to /newsite/properties (302) until published"
https://www.savvy-agents.com/properties/30-dogwood-dr-travelers-rest-kis883,,none,"not published on new site (30 Dogwood Dr, Travelers Rest SC); the Oct 2 old-site import brought every live old listing in as a draft at the same slug unless skipped, so this is most likely a draft on new site. Today the legacy redirect sends it to /newsite/properties (302) until published"
https://www.savvy-agents.com/properties/508-dement-cir-apt-c-panama-city-beach-8d2i3n,,none,"not published on new site (508 Dement Cir Apt C, Panama City Beach FL); the Oct 2 old-site import brought every live old listing in as a draft at the same slug unless skipped, so this is most likely a draft on new site. Today the legacy redirect sends it to /newsite/properties (302) until published"
https://www.savvy-agents.com/properties/95-coco-plum-drive-slip-b-34-marathon-csn6fh,,none,"not published on new site (95 Coco Plum Drive Slip #B-34, Marathon FL); the Oct 2 old-site import brought every live old listing in as a draft at the same slug unless skipped, so this is most likely a draft on new site. Today the legacy redirect sends it to /newsite/properties (302) until published"
https://www.savvy-agents.com/properties/321-ne-59th-street-oak-island-wj897q,,none,"not published on new site (321 Ne 59th Street, Oak Island NC); the Oct 2 old-site import brought every live old listing in as a draft at the same slug unless skipped, so this is most likely a draft on new site. Today the legacy redirect sends it to /newsite/properties (302) until published"
https://www.savvy-agents.com/properties/54-ocean-st-palm-coast-zvjfbi,,none,"not published on new site (54 Ocean St, Palm Coast FL); the Oct 2 old-site import brought every live old listing in as a draft at the same slug unless skipped, so this is most likely a draft on new site. Today the legacy redirect sends it to /newsite/properties (302) until published"
https://www.savvy-agents.com/properties/3029-ridgetop-resort-way-pigeon-forge-3jz8a1,,none,"not published on new site (3029 Ridgetop Resort Way, Pigeon Forge TN); the Oct 2 old-site import brought every live old listing in as a draft at the same slug unless skipped, so this is most likely a draft on new site. Today the legacy redirect sends it to /newsite/properties (302) until published"
https://www.savvy-agents.com/properties/154-smoky-mountain-way-sevierville-b93gzh,,none,"not published on new site (154 Smoky Mountain Way, Sevierville TN); the Oct 2 old-site import brought every live old listing in as a draft at the same slug unless skipped, so this is most likely a draft on new site. Today the legacy redirect sends it to /newsite/properties (302) until published"
https://www.savvy-agents.com/properties/9033-w-vogel-avenue-peoria-dqrcjb,,none,"not published on new site (9033 W Vogel Avenue, Peoria AZ); the Oct 2 old-site import brought every live old listing in as a draft at the same slug unless skipped, so this is most likely a draft on new site. Today the legacy redirect sends it to /newsite/properties (302) until published"
https://www.savvy-agents.com/properties/535-w-pantera-avenue-mesa-xlwend,,none,"not published on new site (535 W Pantera Avenue, Mesa AZ); the Oct 2 old-site import brought every live old listing in as a draft at the same slug unless skipped, so this is most likely a draft on new site. Today the legacy redirect sends it to /newsite/properties (302) until published"
https://www.savvy-agents.com/properties/235-245-diamond-ct-whitefish-v1rw7u,,none,"not published on new site (235 & 245 Diamond Ct, Whitefish MT); the Oct 2 old-site import brought every live old listing in as a draft at the same slug unless skipped, so this is most likely a draft on new site. Today the legacy redirect sends it to /newsite/properties (302) until published"
https://www.savvy-agents.com/properties/77-bruning-lane-palm-coast-t0wba0,,none,"not published on new site (77 Bruning Lane, Palm Coast FL); the Oct 2 old-site import brought every live old listing in as a draft at the same slug unless skipped, so this is most likely a draft on new site. Today the legacy redirect sends it to /newsite/properties (302) until published"
https://www.savvy-agents.com/properties/529-n-keystone-ave-indianapolis-u3ufaj,,none,"not published on new site (529 N Keystone Ave, Indianapolis IN); the Oct 2 old-site import brought every live old listing in as a draft at the same slug unless skipped, so this is most likely a draft on new site. Today the legacy redirect sends it to /newsite/properties (302) until published"
https://www.savvy-agents.com/properties/5294-wildwood-way-davenport-lnb3cf,,none,"not published on new site (5294 Wildwood Way, Davenport FL); the Oct 2 old-site import brought every live old listing in as a draft at the same slug unless skipped, so this is most likely a draft on new site. Today the legacy redirect sends it to /newsite/properties (302) until published"
https://www.savvy-agents.com/properties/1392-duck-rd-lot-30-kitty-hawk-gs7b17,,none,"not published on new site (1392 Duck Rd Lot 30, Kitty Hawk NC); the Oct 2 old-site import brought every live old listing in as a draft at the same slug unless skipped, so this is most likely a draft on new site. Today the legacy redirect sends it to /newsite/properties (302) until published"
https://www.savvy-agents.com/properties/8-cole-place-palm-coast-ocvf3v,,none,"not published on new site (8 Cole Place, Palm Coast FL); the Oct 2 old-site import brought every live old listing in as a draft at the same slug unless skipped, so this is most likely a draft on new site. Today the legacy redirect sends it to /newsite/properties (302) until published"
https://www.savvy-agents.com/properties/322-goughes-branch-rd-leicester-w9nc1p,,none,"not published on new site (322 Goughes Branch Rd, Leicester NC); the Oct 2 old-site import brought every live old listing in as a draft at the same slug unless skipped, so this is most likely a draft on new site. Today the legacy redirect sends it to /newsite/properties (302) until published"
https://www.savvy-agents.com/properties/206-west-ave-greenville-ixbknn,,none,"not published on new site (206 West Ave, Greenville SC); the Oct 2 old-site import brought every live old listing in as a draft at the same slug unless skipped, so this is most likely a draft on new site. Today the legacy redirect sends it to /newsite/properties (302) until published"
https://www.savvy-agents.com/properties/4249-arco-ave-saint-louis-kwrqkw,,none,"not published on new site (4249 Arco Ave, Saint Louis MO); the Oct 2 old-site import brought every live old listing in as a draft at the same slug unless skipped, so this is most likely a draft on new site. Today the legacy redirect sends it to /newsite/properties (302) until published"
https://www.savvy-agents.com/properties/31391-paradise-pt-rocky-mount-vxy978,,none,"not published on new site (31391 Paradise Pt, Rocky Mount MO); the Oct 2 old-site import brought every live old listing in as a draft at the same slug unless skipped, so this is most likely a draft on new site. Today the legacy redirect sends it to /newsite/properties (302) until published"
https://www.savvy-agents.com/properties/1790-ne-mango-terrace-jensen-beach-u2mx9f,,none,"not published on new site (1790 Ne Mango Terrace, Jensen Beach FL); the Oct 2 old-site import brought every live old listing in as a draft at the same slug unless skipped, so this is most likely a draft on new site. Today the legacy redirect sends it to /newsite/properties (302) until published"
https://www.savvy-agents.com/properties/1219-bird-nest-way-sevierville-065b8i,,none,"not published on new site (1219 Bird Nest Way, Sevierville TN); the Oct 2 old-site import brought every live old listing in as a draft at the same slug unless skipped, so this is most likely a draft on new site. Today the legacy redirect sends it to /newsite/properties (302) until published"
https://www.savvy-agents.com/properties/122-ne-12th-street-oak-island-u0houk,,none,"not published on new site (122 Ne 12th Street, Oak Island NC); the Oct 2 old-site import brought every live old listing in as a draft at the same slug unless skipped, so this is most likely a draft on new site. Today the legacy redirect sends it to /newsite/properties (302) until published"
https://www.savvy-agents.com/properties/24230-perdido-beach-blvd-apt-3071-orange-beach-gdjsjn,,none,"not published on new site (24230 Perdido Beach Blvd Apt 3071, Orange Beach AL); the Oct 2 old-site import brought every live old listing in as a draft at the same slug unless skipped, so this is most likely a draft on new site. Today the legacy redirect sends it to /newsite/properties (302) until published"
https://www.savvy-agents.com/properties/24400-perdido-beach-blvd-apt-1201-orange-beach-l5i086,,none,"not published on new site (24400 Perdido Beach Blvd Apt 1201, Orange Beach AL); the Oct 2 old-site import brought every live old listing in as a draft at the same slug unless skipped, so this is most likely a draft on new site. Today the legacy redirect sends it to /newsite/properties (302) until published"
https://www.savvy-agents.com/properties/221-ne-60th-street-oak-island-xpcbjz,,none,"not published on new site (221 Ne 60th Street, Oak Island NC); the Oct 2 old-site import brought every live old listing in as a draft at the same slug unless skipped, so this is most likely a draft on new site. Today the legacy redirect sends it to /newsite/properties (302) until published"
https://www.savvy-agents.com/properties/24230-perdido-beach-blvd-apt-3104-orange-beach-1cxtzn,,none,"not published on new site (24230 Perdido Beach Blvd Apt 3104, Orange Beach AL); the Oct 2 old-site import brought every live old listing in as a draft at the same slug unless skipped, so this is most likely a draft on new site. Today the legacy redirect sends it to /newsite/properties (302) until published"
https://www.savvy-agents.com/properties/24400-perdido-beach-blvd-907-orange-beach-0pthyq,,none,"not published on new site (24400 Perdido Beach Blvd #907, Orange Beach AL); the Oct 2 old-site import brought every live old listing in as a draft at the same slug unless skipped, so this is most likely a draft on new site. Today the legacy redirect sends it to /newsite/properties (302) until published"
https://www.savvy-agents.com/properties/375-plantation-rd-5716-gulf-shores-9pt7s0,,none,"not published on new site (375 Plantation Rd #5716, Gulf Shores AL); the Oct 2 old-site import brought every live old listing in as a draft at the same slug unless skipped, so this is most likely a draft on new site. Today the legacy redirect sends it to /newsite/properties (302) until published"
https://www.savvy-agents.com/properties/375-plantation-rd-5106-gulf-shores-2c3cxz,,none,"not published on new site (375 Plantation Rd #5106, Gulf Shores AL); the Oct 2 old-site import brought every live old listing in as a draft at the same slug unless skipped, so this is most likely a draft on new site. Today the legacy redirect sends it to /newsite/properties (302) until published"
https://www.savvy-agents.com/properties/375-plantation-rd-5216-gulf-shores-7313on,,none,"not published on new site (375 Plantation Rd #5216, Gulf Shores AL); the Oct 2 old-site import brought every live old listing in as a draft at the same slug unless skipped, so this is most likely a draft on new site. Today the legacy redirect sends it to /newsite/properties (302) until published"
https://www.savvy-agents.com/properties/375-plantation-rd-5302-gulf-shores-3p7c3i,,none,"not published on new site (375 Plantation Rd #5302, Gulf Shores AL); the Oct 2 old-site import brought every live old listing in as a draft at the same slug unless skipped, so this is most likely a draft on new site. Today the legacy redirect sends it to /newsite/properties (302) until published"
https://www.savvy-agents.com/properties/26802-perdido-beach-blvd-4e16-416-orange-beach-9zi9gk,,none,"not published on new site (26802 Perdido Beach Blvd #4e16-416, Orange Beach AL); the Oct 2 old-site import brought every live old listing in as a draft at the same slug unless skipped, so this is most likely a draft on new site. Today the legacy redirect sends it to /newsite/properties (302) until published"
https://www.savvy-agents.com/properties/24230-perdido-beach-blvd-apt-3144-orange-beach-8cay8w,,none,"not published on new site (24230 Perdido Beach Blvd Apt 3144, Orange Beach AL); the Oct 2 old-site import brought every live old listing in as a draft at the same slug unless skipped, so this is most likely a draft on new site. Today the legacy redirect sends it to /newsite/properties (302) until published"
https://www.savvy-agents.com/properties/2316-maple-tree-st-saint-peters-2ajiiu,,none,"not published on new site (2316 Maple Tree St, Saint Peters MO); the Oct 2 old-site import brought every live old listing in as a draft at the same slug unless skipped, so this is most likely a draft on new site. Today the legacy redirect sends it to /newsite/properties (302) until published"
https://www.savvy-agents.com/properties/6927-s-virginia-dare-trl-14-nags-head-8p5iv9,https://home.savvy-agents.com/newsite/properties/6927-south-virginia-dare-trail-nags-head,renamed,"same house (6927 S Virginia Dare Trl #14, Nags Head) published under a different slug; needs a path redirect; old address has a unit (6927 S Virginia Dare Trl #14) and the new one does not: confirm it is the same unit (NOT in the redirect table until confirmed)"
https://www.savvy-agents.com/properties/1857-beach-front-dr-sevierville-i2lq61,,none,"not published on new site (1857 Beach Front Dr, Sevierville TN); the Oct 2 old-site import brought every live old listing in as a draft at the same slug unless skipped, so this is most likely a draft on new site. Today the legacy redirect sends it to /newsite/properties (302) until published"
https://www.savvy-agents.com/properties/222-burns-dr-kill-devil-hills-dmc9yi,,none,"not published on new site (222 Burns Dr., Kill Devil Hills NC); the Oct 2 old-site import brought every live old listing in as a draft at the same slug unless skipped, so this is most likely a draft on new site. Today the legacy redirect sends it to /newsite/properties (302) until published"
https://www.savvy-agents.com/properties/1907-s-waccamaw-dr-beach-vols-murrells-inlet-3tk24q,,none,"not published on new site (1907 S Waccamaw Dr. #Beach Vols, Murrells Inlet SC); the Oct 2 old-site import brought every live old listing in as a draft at the same slug unless skipped, so this is most likely a draft on new site. Today the legacy redirect sends it to /newsite/properties (302) until published"
https://www.savvy-agents.com/properties/1114-junaluska-way-sevierville-mxwtxy,,none,"not published on new site (1114 Junaluska Way, Sevierville TN); the Oct 2 old-site import brought every live old listing in as a draft at the same slug unless skipped, so this is most likely a draft on new site. Today the legacy redirect sends it to /newsite/properties (302) until published"
https://www.savvy-agents.com/properties/3708-north-ocean-blvd-north-myrtle-beach-egysiz,,none,"not published on new site (3708 North Ocean Blvd., North Myrtle Beach SC); the Oct 2 old-site import brought every live old listing in as a draft at the same slug unless skipped, so this is most likely a draft on new site. Today the legacy redirect sends it to /newsite/properties (302) until published"
https://www.savvy-agents.com/properties/1252-se-madison-avenue-stuart-5geowl,,none,"not published on new site (1252 Se Madison Avenue, Stuart FL); the Oct 2 old-site import brought every live old listing in as a draft at the same slug unless skipped, so this is most likely a draft on new site. Today the legacy redirect sends it to /newsite/properties (302) until published"
https://www.savvy-agents.com/properties/801-se-15th-street-stuart-hz0h7q,,none,"not published on new site (801 Se 15th Street, Stuart FL); the Oct 2 old-site import brought every live old listing in as a draft at the same slug unless skipped, so this is most likely a draft on new site. Today the legacy redirect sends it to /newsite/properties (302) until published"
https://www.savvy-agents.com/properties/1628-ginnys-trl-sevierville-w8yqva,,none,"not published on new site (1628 Ginnys Trl, Sevierville TN); the Oct 2 old-site import brought every live old listing in as a draft at the same slug unless skipped, so this is most likely a draft on new site. Today the legacy redirect sends it to /newsite/properties (302) until published"
https://www.savvy-agents.com/properties/210-e-second-street-ocean-isle-beach-96tkhz,,none,"not published on new site (210 E Second Street, Ocean Isle Beach NC); the Oct 2 old-site import brought every live old listing in as a draft at the same slug unless skipped, so this is most likely a draft on new site. Today the legacy redirect sends it to /newsite/properties (302) until published"
https://www.savvy-agents.com/properties/2925-e-beach-drive-oak-island-rnnq4f,,none,"not published on new site (2925 E Beach Drive, Oak Island NC); the Oct 2 old-site import brought every live old listing in as a draft at the same slug unless skipped, so this is most likely a draft on new site. Today the legacy redirect sends it to /newsite/properties (302) until published"
https://www.savvy-agents.com/properties/342-wellington-drive-palm-coast-jhmvgk,,none,"not published on new site (342 Wellington Drive, Palm Coast FL); the Oct 2 old-site import brought every live old listing in as a draft at the same slug unless skipped, so this is most likely a draft on new site. Today the legacy redirect sends it to /newsite/properties (302) until published"
https://www.savvy-agents.com/properties/574-576-99th-st-marathon-8qug84,,none,"not published on new site (574-576 99th St, Marathon FL); the Oct 2 old-site import brought every live old listing in as a draft at the same slug unless skipped, so this is most likely a draft on new site. Today the legacy redirect sends it to /newsite/properties (302) until published"
https://www.savvy-agents.com/properties/797-merrills-cove-rd-asheville-0y2e94,,none,"not published on new site (797 Merrills Cove Rd, Asheville NC); the Oct 2 old-site import brought every live old listing in as a draft at the same slug unless skipped, so this is most likely a draft on new site. Today the legacy redirect sends it to /newsite/properties (302) until published"
https://www.savvy-agents.com/properties/13653-n-69th-drive-peoria-nz5br6,,none,"not published on new site (13653 N 69th Drive, Peoria AZ); the Oct 2 old-site import brought every live old listing in as a draft at the same slug unless skipped, so this is most likely a draft on new site. Today the legacy redirect sends it to /newsite/properties (302) until published"
https://www.savvy-agents.com/properties/16-mulvey-st-saint-augustine-rg2gjl,,none,"not published on new site (16 Mulvey St, Saint Augustine FL); the Oct 2 old-site import brought every live old listing in as a draft at the same slug unless skipped, so this is most likely a draft on new site. Today the legacy redirect sends it to /newsite/properties (302) until published"
https://www.savvy-agents.com/properties/1582-s-waccamaw-dr-42-murrells-inlet-bmgvsp,,none,"not published on new site (1582 S Waccamaw Dr. #42, Murrells Inlet SC); the Oct 2 old-site import brought every live old listing in as a draft at the same slug unless skipped, so this is most likely a draft on new site. Today the legacy redirect sends it to /newsite/properties (302) until published"
https://www.savvy-agents.com/properties/1114-s-dogwood-dr-myrtle-beach-aoxva6,,none,"not published on new site (1114 S Dogwood Dr., Myrtle Beach SC); the Oct 2 old-site import brought every live old listing in as a draft at the same slug unless skipped, so this is most likely a draft on new site. Today the legacy redirect sends it to /newsite/properties (302) until published"
https://www.savvy-agents.com/properties/330-oak-lake-dr-sevierville-7o9zcc,,none,"not published on new site (330 Oak Lake Dr, Sevierville TN); the Oct 2 old-site import brought every live old listing in as a draft at the same slug unless skipped, so this is most likely a draft on new site. Today the legacy redirect sends it to /newsite/properties (302) until published"
https://www.savvy-agents.com/properties/6-brookhollow-pl-bentonville-pp0pnd,,none,"not published on new site (6 Brookhollow Pl, Bentonville AR); the Oct 2 old-site import brought every live old listing in as a draft at the same slug unless skipped, so this is most likely a draft on new site. Today the legacy redirect sends it to /newsite/properties (302) until published"
https://www.savvy-agents.com/properties/1908-cedar-ln-melbourne-beach-46rj3z,,none,"not published on new site (1908 Cedar Ln, Melbourne Beach FL); the Oct 2 old-site import brought every live old listing in as a draft at the same slug unless skipped, so this is most likely a draft on new site. Today the legacy redirect sends it to /newsite/properties (302) until published"
https://www.savvy-agents.com/properties/1915-leatherwood-ln-sevierville-gcnx0l,,none,"not published on new site (1915 Leatherwood Ln, Sevierville TN); the Oct 2 old-site import brought every live old listing in as a draft at the same slug unless skipped, so this is most likely a draft on new site. Today the legacy redirect sends it to /newsite/properties (302) until published"
https://www.savvy-agents.com/properties/2715-ships-wheel-dr-north-myrtle-beach-6o4wkh,,none,"not published on new site (2715 Ships Wheel Dr., North Myrtle Beach SC); the Oct 2 old-site import brought every live old listing in as a draft at the same slug unless skipped, so this is most likely a draft on new site. Today the legacy redirect sends it to /newsite/properties (302) until published"
https://www.savvy-agents.com/properties/1523-rainbow-ridge-rd-sevierville-vwe50x,,none,"not published on new site (1523 Rainbow Ridge Rd, Sevierville TN); the Oct 2 old-site import brought every live old listing in as a draft at the same slug unless skipped, so this is most likely a draft on new site. Today the legacy redirect sends it to /newsite/properties (302) until published"
https://www.savvy-agents.com/properties/2-forge-ln-palm-coast-llck2u,,none,"not published on new site (2 Forge Ln, Palm Coast FL); the Oct 2 old-site import brought every live old listing in as a draft at the same slug unless skipped, so this is most likely a draft on new site. Today the legacy redirect sends it to /newsite/properties (302) until published"
https://www.savvy-agents.com/properties/309-banyan-way-melbourne-beach-tzbtwz,,none,"not published on new site (309 Banyan Way, Melbourne Beach FL); the Oct 2 old-site import brought every live old listing in as a draft at the same slug unless skipped, so this is most likely a draft on new site. Today the legacy redirect sends it to /newsite/properties (302) until published"
https://www.savvy-agents.com/properties/7-chinook-ct-palm-coast-jo4lzl,,none,"not published on new site (7 Chinook Ct, Palm Coast FL); the Oct 2 old-site import brought every live old listing in as a draft at the same slug unless skipped, so this is most likely a draft on new site. Today the legacy redirect sends it to /newsite/properties (302) until published"
https://www.savvy-agents.com/properties/8500-margate-circle-2307-myrtle-beach-h9wroz,,none,"not published on new site (8500 Margate Circle #2307, Myrtle Beach SC); the Oct 2 old-site import brought every live old listing in as a draft at the same slug unless skipped, so this is most likely a draft on new site. Today the legacy redirect sends it to /newsite/properties (302) until published"
https://www.savvy-agents.com/properties/2701-s-ocean-blvd-1008-north-myrtle-beach-mij96r,,none,"not published on new site (2701 S Ocean Blvd. #1008, North Myrtle Beach SC); the Oct 2 old-site import brought every live old listing in as a draft at the same slug unless skipped, so this is most likely a draft on new site. Today the legacy redirect sends it to /newsite/properties (302) until published"
https://www.savvy-agents.com/properties/345-strand-dr-melbourne-beach-6p4ehb,,none,"not published on new site (345 Strand Dr, Melbourne Beach FL); the Oct 2 old-site import brought every live old listing in as a draft at the same slug unless skipped, so this is most likely a draft on new site. Today the legacy redirect sends it to /newsite/properties (302) until published"
https://www.savvy-agents.com/properties/33-red-barn-dr-palm-coast-3v2of7,,none,"not published on new site (33 Red Barn Dr, Palm Coast FL); the Oct 2 old-site import brought every live old listing in as a draft at the same slug unless skipped, so this is most likely a draft on new site. Today the legacy redirect sends it to /newsite/properties (302) until published"
https://www.savvy-agents.com/properties/3129-valley-home-rd-sevierville-rc8rfr,,none,"not published on new site (3129 Valley Home Rd, Sevierville TN); the Oct 2 old-site import brought every live old listing in as a draft at the same slug unless skipped, so this is most likely a draft on new site. Today the legacy redirect sends it to /newsite/properties (302) until published"
https://www.savvy-agents.com/properties/100-north-beach-blvd-1517-north-myrtle-beach-24mpzr,,none,"not published on new site (100 North Beach Blvd. #1517, North Myrtle Beach SC); the Oct 2 old-site import brought every live old listing in as a draft at the same slug unless skipped, so this is most likely a draft on new site. Today the legacy redirect sends it to /newsite/properties (302) until published"
https://www.savvy-agents.com/properties/8560-queensway-blvd-1407-myrtle-beach-va4scr,,none,"not published on new site (8560 Queensway Blvd. #1407, Myrtle Beach SC); the Oct 2 old-site import brought every live old listing in as a draft at the same slug unless skipped, so this is most likely a draft on new site. Today the legacy redirect sends it to /newsite/properties (302) until published"
https://www.savvy-agents.com/properties/1311-hepner-rd-mount-jackson-euo9mm,,none,"not published on new site (1311 Hepner Rd, Mount Jackson VA); the Oct 2 old-site import brought every live old listing in as a draft at the same slug unless skipped, so this is most likely a draft on new site. Today the legacy redirect sends it to /newsite/properties (302) until published"
https://www.savvy-agents.com/properties/9309-s-old-oregon-inlet-rd-lot-12-nags-head-eleavw,,none,"not published on new site (9309 S Old Oregon Inlet Rd Lot 12, Nags Head NC); the Oct 2 old-site import brought every live old listing in as a draft at the same slug unless skipped, so this is most likely a draft on new site. Today the legacy redirect sends it to /newsite/properties (302) until published"
https://www.savvy-agents.com/properties/4616-lindbergh-ave-kitty-hawk-41kn49,,none,"not published on new site (4616 Lindbergh Ave, Kitty Hawk NC); the Oct 2 old-site import brought every live old listing in as a draft at the same slug unless skipped, so this is most likely a draft on new site. Today the legacy redirect sends it to /newsite/properties (302) until published"
https://www.savvy-agents.com/properties/3423-magnolia-ave-saint-louis-rzqa4k,,none,"not published on new site (3423 Magnolia Ave, Saint Louis MO); the Oct 2 old-site import brought every live old listing in as a draft at the same slug unless skipped, so this is most likely a draft on new site. Today the legacy redirect sends it to /newsite/properties (302) until published"
https://www.savvy-agents.com/properties/1742-pulaski-ln-sevierville-54pj2f,,none,"not published on new site (1742 Pulaski Ln, Sevierville TN); the Oct 2 old-site import brought every live old listing in as a draft at the same slug unless skipped, so this is most likely a draft on new site. Today the legacy redirect sends it to /newsite/properties (302) until published"
https://www.savvy-agents.com/properties/4-lake-charles-pl-palm-coast-v18dqf,,none,"not published on new site (4 Lake Charles Pl, Palm Coast FL); the Oct 2 old-site import brought every live old listing in as a draft at the same slug unless skipped, so this is most likely a draft on new site. Today the legacy redirect sends it to /newsite/properties (302) until published"
https://www.savvy-agents.com/properties/3527-e-beach-drive-oak-island-x4ggg5,,none,"not published on new site (3527 E Beach Drive, Oak Island NC); the Oct 2 old-site import brought every live old listing in as a draft at the same slug unless skipped, so this is most likely a draft on new site. Today the legacy redirect sends it to /newsite/properties (302) until published"
https://www.savvy-agents.com/properties/7505-islander-dr-austin-rk76rd,,none,"not published on new site (7505 Islander Dr, Austin TX); the Oct 2 old-site import brought every live old listing in as a draft at the same slug unless skipped, so this is most likely a draft on new site. Today the legacy redirect sends it to /newsite/properties (302) until published"
https://www.savvy-agents.com/properties/509-shamrock-dr-asheville-29wd24,,none,"not published on new site (509 Shamrock Dr, Asheville NC); the Oct 2 old-site import brought every live old listing in as a draft at the same slug unless skipped, so this is most likely a draft on new site. Today the legacy redirect sends it to /newsite/properties (302) until published"
https://www.savvy-agents.com/properties/936-n-baker-st-mount-dora-kwot4f,,none,"not published on new site (936 N Baker St, Mount Dora FL); the Oct 2 old-site import brought every live old listing in as a draft at the same slug unless skipped, so this is most likely a draft on new site. Today the legacy redirect sends it to /newsite/properties (302) until published"
https://www.savvy-agents.com/properties/3-w-west-point-dr-cocoa-beach-7zte1e,,none,"not published on new site (3 W West Point Dr, Cocoa Beach FL); the Oct 2 old-site import brought every live old listing in as a draft at the same slug unless skipped, so this is most likely a draft on new site. Today the legacy redirect sends it to /newsite/properties (302) until published"
https://www.savvy-agents.com/properties/695-elizabeth-dr-murrells-inlet-nj6617,,none,"not published on new site (695 Elizabeth Dr., Murrells Inlet SC); the Oct 2 old-site import brought every live old listing in as a draft at the same slug unless skipped, so this is most likely a draft on new site. Today the legacy redirect sends it to /newsite/properties (302) until published"
https://www.savvy-agents.com/properties/29-e-first-street-ocean-isle-beach-38vp4l,,none,"not published on new site (29 E First Street, Ocean Isle Beach NC); the Oct 2 old-site import brought every live old listing in as a draft at the same slug unless skipped, so this is most likely a draft on new site. Today the legacy redirect sends it to /newsite/properties (302) until published"
https://www.savvy-agents.com/properties/1215-n-middleton-drive-apt-2704-calabash-ngriqc,,none,"not published on new site (1215 N Middleton Drive Apt 2704, Calabash NC); the Oct 2 old-site import brought every live old listing in as a draft at the same slug unless skipped, so this is most likely a draft on new site. Today the legacy redirect sends it to /newsite/properties (302) until published"
https://www.savvy-agents.com/properties/3282-stonehenge-dr-east-stroudsburg-qj8ggu,,none,"not published on new site (3282 Stonehenge Dr, East Stroudsburg PA); the Oct 2 old-site import brought every live old listing in as a draft at the same slug unless skipped, so this is most likely a draft on new site. Today the legacy redirect sends it to /newsite/properties (302) until published"
https://www.savvy-agents.com/properties/510-w-st-george-street-southport-855vbm,,none,"not published on new site (510 W St George Street, Southport NC); the Oct 2 old-site import brought every live old listing in as a draft at the same slug unless skipped, so this is most likely a draft on new site. Today the legacy redirect sends it to /newsite/properties (302) until published"
https://www.savvy-agents.com/properties/136-aregood-ln-2a-islamorada-zr71kq,,none,"not published on new site (136 Aregood Ln #2a, Islamorada FL); the Oct 2 old-site import brought every live old listing in as a draft at the same slug unless skipped, so this is most likely a draft on new site. Today the legacy redirect sends it to /newsite/properties (302) until published"
https://www.savvy-agents.com/properties/4007-oakrise-loop-davenport-w9j5ph,,none,"not published on new site (4007 Oakrise Loop, Davenport FL); the Oct 2 old-site import brought every live old listing in as a draft at the same slug unless skipped, so this is most likely a draft on new site. Today the legacy redirect sends it to /newsite/properties (302) until published"
https://www.savvy-agents.com/properties/2320-mimosa-dr-sevierville-s5iy07,,none,"not published on new site (2320 Mimosa Dr, Sevierville TN); the Oct 2 old-site import brought every live old listing in as a draft at the same slug unless skipped, so this is most likely a draft on new site. Today the legacy redirect sends it to /newsite/properties (302) until published"
https://www.savvy-agents.com/properties/160-bridle-dr-maggie-valley-cfj3ix,,none,"not published on new site (160 Bridle Dr, Maggie Valley NC); the Oct 2 old-site import brought every live old listing in as a draft at the same slug unless skipped, so this is most likely a draft on new site. Today the legacy redirect sends it to /newsite/properties (302) until published"
https://www.savvy-agents.com/properties/19045-pinecrest-ln-rogers-es0kqb,,none,"not published on new site (19045 Pinecrest Ln, Rogers AR); the Oct 2 old-site import brought every live old listing in as a draft at the same slug unless skipped, so this is most likely a draft on new site. Today the legacy redirect sends it to /newsite/properties (302) until published"
https://www.savvy-agents.com/properties/50-rolling-sands-dr-palm-coast-ewcpct,,none,"not published on new site (50 Rolling Sands Dr, Palm Coast FL); the Oct 2 old-site import brought every live old listing in as a draft at the same slug unless skipped, so this is most likely a draft on new site. Today the legacy redirect sends it to /newsite/properties (302) until published"
https://www.savvy-agents.com/properties/22-forge-lane-palm-coast-d15t1c,,none,"not published on new site (22 Forge Lane, Palm Coast FL); the Oct 2 old-site import brought every live old listing in as a draft at the same slug unless skipped, so this is most likely a draft on new site. Today the legacy redirect sends it to /newsite/properties (302) until published"
https://www.savvy-agents.com/properties/412-e-fourth-street-ocean-isle-beach-urky73,,none,"not published on new site (412 E Fourth Street, Ocean Isle Beach NC); the Oct 2 old-site import brought every live old listing in as a draft at the same slug unless skipped, so this is most likely a draft on new site. Today the legacy redirect sends it to /newsite/properties (302) until published"
https://www.savvy-agents.com/properties/3772-old-thomas-cross-rd-sevierville-dpoogq,,none,"not published on new site (3772 Old Thomas Cross Rd, Sevierville TN); the Oct 2 old-site import brought every live old listing in as a draft at the same slug unless skipped, so this is most likely a draft on new site. Today the legacy redirect sends it to /newsite/properties (302) until published"
https://www.savvy-agents.com/properties/3778-old-thomas-cross-rd-sevierville-fravf1,,none,"not published on new site (3778 Old Thomas Cross Rd, Sevierville TN); the Oct 2 old-site import brought every live old listing in as a draft at the same slug unless skipped, so this is most likely a draft on new site. Today the legacy redirect sends it to /newsite/properties (302) until published"
https://www.savvy-agents.com/properties/457-hilltop-rd-gatlinburg-ptpm0e,,none,"not published on new site (457 Hilltop Rd, Gatlinburg TN); the Oct 2 old-site import brought every live old listing in as a draft at the same slug unless skipped, so this is most likely a draft on new site. Today the legacy redirect sends it to /newsite/properties (302) until published"
https://www.savvy-agents.com/properties/4201-sailfish-dr-4201-manteo-7hui1v,,none,"not published on new site (4201 Sailfish Dr #4201, Manteo NC); the Oct 2 old-site import brought every live old listing in as a draft at the same slug unless skipped, so this is most likely a draft on new site. Today the legacy redirect sends it to /newsite/properties (302) until published"
https://www.savvy-agents.com/properties/2038-n-virginia-dare-trl-lot-20-kill-devil-hills-6a1eak,,none,"not published on new site (2038 N Virginia Dare Trl Lot 20, Kill Devil Hills NC); the Oct 2 old-site import brought every live old listing in as a draft at the same slug unless skipped, so this is most likely a draft on new site. Today the legacy redirect sends it to /newsite/properties (302) until published"
https://www.savvy-agents.com/properties/1630-jed-trl-sevierville-dl47o0,,none,"not published on new site (1630 Jed Trl, Sevierville TN); the Oct 2 old-site import brought every live old listing in as a draft at the same slug unless skipped, so this is most likely a draft on new site. Today the legacy redirect sends it to /newsite/properties (302) until published"
https://www.savvy-agents.com/properties/735-montbrook-dr-o-fallon-7vf7e7,,none,"not published on new site (735 Montbrook Dr, O'Fallon MO); the Oct 2 old-site import brought every live old listing in as a draft at the same slug unless skipped, so this is most likely a draft on new site. Today the legacy redirect sends it to /newsite/properties (302) until published"
https://www.savvy-agents.com/properties/4124-w-brant-ct-nags-head-5paszw,,none,"not published on new site (4124 W Brant Ct , Nags Head NC); the Oct 2 old-site import brought every live old listing in as a draft at the same slug unless skipped, so this is most likely a draft on new site. Today the legacy redirect sends it to /newsite/properties (302) until published"
https://www.savvy-agents.com/properties/207-queen-elizabeth-ave-6-manteo-6g6w0p,,none,"not published on new site (207 Queen Elizabeth Ave #6, Manteo NC); the Oct 2 old-site import brought every live old listing in as a draft at the same slug unless skipped, so this is most likely a draft on new site. Today the legacy redirect sends it to /newsite/properties (302) until published"
https://www.savvy-agents.com/properties/805-spirit-loop-way-gatlinburg-knfmdr,,none,"not published on new site (805 Spirit Loop Way, Gatlinburg TN); the Oct 2 old-site import brought every live old listing in as a draft at the same slug unless skipped, so this is most likely a draft on new site. Today the legacy redirect sends it to /newsite/properties (302) until published"
https://www.savvy-agents.com/properties/732-beanstalk-rd-gatlinburg-lbkide,,none,"not published on new site (732 Beanstalk Rd, Gatlinburg TN); the Oct 2 old-site import brought every live old listing in as a draft at the same slug unless skipped, so this is most likely a draft on new site. Today the legacy redirect sends it to /newsite/properties (302) until published"
https://www.savvy-agents.com/properties/11231-2nd-ave-marathon-o9hrok,,none,"not published on new site (11231 2nd Ave, Marathon FL); the Oct 2 old-site import brought every live old listing in as a draft at the same slug unless skipped, so this is most likely a draft on new site. Today the legacy redirect sends it to /newsite/properties (302) until published"
https://www.savvy-agents.com/properties/4441-gibson-ave-saint-louis-t3fety,,none,"not published on new site (4441 Gibson Ave, Saint Louis MO); the Oct 2 old-site import brought every live old listing in as a draft at the same slug unless skipped, so this is most likely a draft on new site. Today the legacy redirect sends it to /newsite/properties (302) until published"
https://www.savvy-agents.com/properties/85-cloud-ten-rd-bryson-city-mz8fyd,,none,"not published on new site (85 Cloud Ten Rd, Bryson City NC); the Oct 2 old-site import brought every live old listing in as a draft at the same slug unless skipped, so this is most likely a draft on new site. Today the legacy redirect sends it to /newsite/properties (302) until published"
https://www.savvy-agents.com/properties/3307-shagbark-hickory-rdg-sevierville-n5q5f0,,none,"not published on new site (3307 Shagbark Hickory Rdg, Sevierville TN); the Oct 2 old-site import brought every live old listing in as a draft at the same slug unless skipped, so this is most likely a draft on new site. Today the legacy redirect sends it to /newsite/properties (302) until published"
https://www.savvy-agents.com/properties/4523-forest-vista-way-pigeon-forge-9myyif,,none,"not published on new site (4523 Forest Vista Way, Pigeon Forge TN); the Oct 2 old-site import brought every live old listing in as a draft at the same slug unless skipped, so this is most likely a draft on new site. Today the legacy redirect sends it to /newsite/properties (302) until published"
https://www.savvy-agents.com/properties/4800-s-ocean-blvd-404-north-myrtle-beach-ti8nnd,,none,"not published on new site (4800 S Ocean Blvd. #404, North Myrtle Beach SC); the Oct 2 old-site import brought every live old listing in as a draft at the same slug unless skipped, so this is most likely a draft on new site. Today the legacy redirect sends it to /newsite/properties (302) until published"
https://www.savvy-agents.com/properties/6833-e-acoma-drive-scottsdale-im54nv,,none,"not published on new site (6833 E Acoma Drive, Scottsdale AZ); the Oct 2 old-site import brought every live old listing in as a draft at the same slug unless skipped, so this is most likely a draft on new site. Today the legacy redirect sends it to /newsite/properties (302) until published"
https://www.savvy-agents.com/properties/1313-ocean-boulevard-w-supply-qv5wl4,,none,"not published on new site (1313 Ocean Boulevard W, Supply NC); the Oct 2 old-site import brought every live old listing in as a draft at the same slug unless skipped, so this is most likely a draft on new site. Today the legacy redirect sends it to /newsite/properties (302) until published"
https://www.savvy-agents.com/properties/253-e-first-street-ocean-isle-beach-bld8r3,,none,"not published on new site (253 E First Street, Ocean Isle Beach NC); the Oct 2 old-site import brought every live old listing in as a draft at the same slug unless skipped, so this is most likely a draft on new site. Today the legacy redirect sends it to /newsite/properties (302) until published"
https://www.savvy-agents.com/properties/11600-1st-ave-gulf-61-marathon-bhygoa,,none,"not published on new site (11600 1st Ave Gulf #61, Marathon FL); the Oct 2 old-site import brought every live old listing in as a draft at the same slug unless skipped, so this is most likely a draft on new site. Today the legacy redirect sends it to /newsite/properties (302) until published"
https://www.savvy-agents.com/properties/2733-timber-way-pigeon-forge-i4ilkv,,none,"not published on new site (2733 Timber Way, Pigeon Forge TN); the Oct 2 old-site import brought every live old listing in as a draft at the same slug unless skipped, so this is most likely a draft on new site. Today the legacy redirect sends it to /newsite/properties (302) until published"
https://www.savvy-agents.com/properties/4200-chouteau-ave-saint-louis-ubqkwc,,none,"not published on new site (4200 Chouteau Ave, Saint Louis MO); the Oct 2 old-site import brought every live old listing in as a draft at the same slug unless skipped, so this is most likely a draft on new site. Today the legacy redirect sends it to /newsite/properties (302) until published"
https://www.savvy-agents.com/properties/3639-moonshine-way-gatlinburg-hkfkdd,,none,"not published on new site (3639 Moonshine Way, Gatlinburg TN); the Oct 2 old-site import brought every live old listing in as a draft at the same slug unless skipped, so this is most likely a draft on new site. Today the legacy redirect sends it to /newsite/properties (302) until published"
https://www.savvy-agents.com/properties/495-strand-dr-melbourne-beach-0hw3ym,,none,"not published on new site (495 Strand Dr, Melbourne Beach FL); the Oct 2 old-site import brought every live old listing in as a draft at the same slug unless skipped, so this is most likely a draft on new site. Today the legacy redirect sends it to /newsite/properties (302) until published"
https://www.savvy-agents.com/properties/19-big-dipper-ln-palm-coast-yfl1rv,,none,"not published on new site (19 Big Dipper Ln, Palm Coast FL); the Oct 2 old-site import brought every live old listing in as a draft at the same slug unless skipped, so this is most likely a draft on new site. Today the legacy redirect sends it to /newsite/properties (302) until published"
https://www.savvy-agents.com/properties/4595-girvan-dr-1d-myrtle-beach-r8f95a,,none,"not published on new site (4595 Girvan Dr. #1d, Myrtle Beach SC); the Oct 2 old-site import brought every live old listing in as a draft at the same slug unless skipped, so this is most likely a draft on new site. Today the legacy redirect sends it to /newsite/properties (302) until published"
https://www.savvy-agents.com/properties/215-n-28th-ave-n-north-myrtle-beach-xo3jjr,,none,"not published on new site (215 N 28th Ave. N, North Myrtle Beach SC); the Oct 2 old-site import brought every live old listing in as a draft at the same slug unless skipped, so this is most likely a draft on new site. Today the legacy redirect sends it to /newsite/properties (302) until published"
https://www.savvy-agents.com/properties/799-28th-st-marathon-h7dn7e,,none,"not published on new site (799 28th St, Marathon FL); the Oct 2 old-site import brought every live old listing in as a draft at the same slug unless skipped, so this is most likely a draft on new site. Today the legacy redirect sends it to /newsite/properties (302) until published"
https://www.savvy-agents.com/properties/215-dogwood-ave-melbourne-beach-s851eh,,none,"not published on new site (215 Dogwood Ave, Melbourne Beach FL); the Oct 2 old-site import brought every live old listing in as a draft at the same slug unless skipped, so this is most likely a draft on new site. Today the legacy redirect sends it to /newsite/properties (302) until published"
https://www.savvy-agents.com/properties/1-brunswick-ln-palm-coast-h37oeb,,none,"not published on new site (1 Brunswick Ln, Palm Coast FL); the Oct 2 old-site import brought every live old listing in as a draft at the same slug unless skipped, so this is most likely a draft on new site. Today the legacy redirect sends it to /newsite/properties (302) until published"
https://www.savvy-agents.com/properties/5500-w-seachase-dr-lot-25-nags-head-211001,,none,"not published on new site (5500 W Seachase Dr Lot 25, Nags Head NC); the Oct 2 old-site import brought every live old listing in as a draft at the same slug unless skipped, so this is most likely a draft on new site. Today the legacy redirect sends it to /newsite/properties (302) until published"
https://www.savvy-agents.com/properties/1023c-n-virginia-dare-trl-lot-3-4-kill-devil-hills-nja6pg,,none,"not published on new site (1023c N Virginia Dare Trl Lot 3-4, Kill Devil Hills NC); the Oct 2 old-site import brought every live old listing in as a draft at the same slug unless skipped, so this is most likely a draft on new site. Today the legacy redirect sends it to /newsite/properties (302) until published"
https://www.savvy-agents.com/properties/118-blare-dr-palm-coast-hiff37,,none,"not published on new site (118 Blare Dr, Palm Coast FL); the Oct 2 old-site import brought every live old listing in as a draft at the same slug unless skipped, so this is most likely a draft on new site. Today the legacy redirect sends it to /newsite/properties (302) until published"
https://www.savvy-agents.com/properties/1851-starr-st-sevierville-wxa36v,,none,"not published on new site (1851 Starr St, Sevierville TN); the Oct 2 old-site import brought every live old listing in as a draft at the same slug unless skipped, so this is most likely a draft on new site. Today the legacy redirect sends it to /newsite/properties (302) until published"
https://www.savvy-agents.com/properties/1909-e-inca-circle-mesa-h65f1n,,none,"not published on new site (1909 E Inca Circle, Mesa AZ); the Oct 2 old-site import brought every live old listing in as a draft at the same slug unless skipped, so this is most likely a draft on new site. Today the legacy redirect sends it to /newsite/properties (302) until published"
https://www.savvy-agents.com/properties/2612-e-fox-street-mesa-lm9w8o,,none,"not published on new site (2612 E Fox Street, Mesa AZ); the Oct 2 old-site import brought every live old listing in as a draft at the same slug unless skipped, so this is most likely a draft on new site. Today the legacy redirect sends it to /newsite/properties (302) until published"
https://www.savvy-agents.com/properties/2606-e-oak-island-drive-oak-island-0dbkoy,,none,"not published on new site (2606 E Oak Island Drive, Oak Island NC); the Oct 2 old-site import brought every live old listing in as a draft at the same slug unless skipped, so this is most likely a draft on new site. Today the legacy redirect sends it to /newsite/properties (302) until published"
https://www.savvy-agents.com/properties/3940-n-virginia-dare-trail-kitty-hawk-mocpwm,,none,"not published on new site (3940 N Virginia Dare Trail, Kitty Hawk NC); the Oct 2 old-site import brought every live old listing in as a draft at the same slug unless skipped, so this is most likely a draft on new site. Today the legacy redirect sends it to /newsite/properties (302) until published"
https://www.savvy-agents.com/properties/530-big-cedar-dr-camdenton-v36gpf,,none,"not published on new site (530 Big Cedar Dr, Camdenton MO); the Oct 2 old-site import brought every live old listing in as a draft at the same slug unless skipped, so this is most likely a draft on new site. Today the legacy redirect sends it to /newsite/properties (302) until published"
https://www.savvy-agents.com/properties/55-overlook-dr-candler-bpijs4,,none,"not published on new site (55 Overlook Dr, Candler NC); the Oct 2 old-site import brought every live old listing in as a draft at the same slug unless skipped, so this is most likely a draft on new site. Today the legacy redirect sends it to /newsite/properties (302) until published"
https://www.savvy-agents.com/properties/105-avenue-d-apt-113-marathon-xryrnx,,none,"not published on new site (105 Avenue D Apt 113, Marathon FL); the Oct 2 old-site import brought every live old listing in as a draft at the same slug unless skipped, so this is most likely a draft on new site. Today the legacy redirect sends it to /newsite/properties (302) until published"
https://www.savvy-agents.com/properties/350-n-atlantic-ave-apt-2120-daytona-beach-lq2db1,,none,"not published on new site (350 N Atlantic Ave Apt 2120, Daytona Beach FL); the Oct 2 old-site import brought every live old listing in as a draft at the same slug unless skipped, so this is most likely a draft on new site. Today the legacy redirect sends it to /newsite/properties (302) until published"
https://www.savvy-agents.com/properties/440-w-pepper-place-mesa-ahaqej,,none,"not published on new site (440 W Pepper Place, Mesa AZ); the Oct 2 old-site import brought every live old listing in as a draft at the same slug unless skipped, so this is most likely a draft on new site. Today the legacy redirect sends it to /newsite/properties (302) until published"
https://www.savvy-agents.com/properties/23-scotland-street-ocean-isle-beach-xewydt,,none,"not published on new site (23 Scotland Street, Ocean Isle Beach NC); the Oct 2 old-site import brought every live old listing in as a draft at the same slug unless skipped, so this is most likely a draft on new site. Today the legacy redirect sends it to /newsite/properties (302) until published"
https://www.savvy-agents.com/properties/807-clarence-bohls-ln-pflugerville-er79z4,,none,"not published on new site (807 Clarence Bohls Ln, Pflugerville TX); the Oct 2 old-site import brought every live old listing in as a draft at the same slug unless skipped, so this is most likely a draft on new site. Today the legacy redirect sends it to /newsite/properties (302) until published"
https://www.savvy-agents.com/properties/59-beaverdam-ln-palm-coast-it02cv,,none,"not published on new site (59 Beaverdam Ln, Palm Coast FL); the Oct 2 old-site import brought every live old listing in as a draft at the same slug unless skipped, so this is most likely a draft on new site. Today the legacy redirect sends it to /newsite/properties (302) until published"
https://www.savvy-agents.com/properties/502-s-linn-ave-wentzville-xyjx8c,,none,"not published on new site (502 S Linn Ave, Wentzville MO); the Oct 2 old-site import brought every live old listing in as a draft at the same slug unless skipped, so this is most likely a draft on new site. Today the legacy redirect sends it to /newsite/properties (302) until published"
https://www.savvy-agents.com/properties/1247-rocky-creek-dr-pflugerville-4tcguf,,none,"not published on new site (1247 Rocky Creek Dr, Pflugerville TX); the Oct 2 old-site import brought every live old listing in as a draft at the same slug unless skipped, so this is most likely a draft on new site. Today the legacy redirect sends it to /newsite/properties (302) until published"
https://www.savvy-agents.com/properties/1500-ocean-bay-dr-apt-e5-key-largo-q7oqag,,none,"not published on new site (1500 Ocean Bay Dr Apt E5, Key Largo FL); the Oct 2 old-site import brought every live old listing in as a draft at the same slug unless skipped, so this is most likely a draft on new site. Today the legacy redirect sends it to /newsite/properties (302) until published"
https://www.savvy-agents.com/properties/930-e-beach-drive-oak-island-rnsb4k,,none,"not published on new site (930 E Beach Drive, Oak Island NC); the Oct 2 old-site import brought every live old listing in as a draft at the same slug unless skipped, so this is most likely a draft on new site. Today the legacy redirect sends it to /newsite/properties (302) until published"
https://www.savvy-agents.com/properties/3217-e-flower-street-phoenix-8d4bzw,,none,"not published on new site (3217 E Flower Street, Phoenix AZ); the Oct 2 old-site import brought every live old listing in as a draft at the same slug unless skipped, so this is most likely a draft on new site. Today the legacy redirect sends it to /newsite/properties (302) until published"
https://www.savvy-agents.com/properties/38-pine-hill-rd-fairview-zlgal6,,none,"not published on new site (38 Pine Hill Rd, Fairview NC); the Oct 2 old-site import brought every live old listing in as a draft at the same slug unless skipped, so this is most likely a draft on new site. Today the legacy redirect sends it to /newsite/properties (302) until published"
https://www.savvy-agents.com/properties/400-plantation-rd-2204-gulf-shores-1qnquw,,none,"not published on new site (400 Plantation Rd #2204, Gulf Shores AL); the Oct 2 old-site import brought every live old listing in as a draft at the same slug unless skipped, so this is most likely a draft on new site. Today the legacy redirect sends it to /newsite/properties (302) until published"
https://www.savvy-agents.com/properties/737-morgantown-blvd-gulf-shores-3wqcls,,none,"not published on new site (737 Morgantown Blvd, Gulf Shores AL); the Oct 2 old-site import brought every live old listing in as a draft at the same slug unless skipped, so this is most likely a draft on new site. Today the legacy redirect sends it to /newsite/properties (302) until published"
https://www.savvy-agents.com/properties/8948-bluefish-dr-gulf-shores-d30r5z,,none,"not published on new site (8948 Bluefish Dr, Gulf Shores AL); the Oct 2 old-site import brought every live old listing in as a draft at the same slug unless skipped, so this is most likely a draft on new site. Today the legacy redirect sends it to /newsite/properties (302) until published"
https://www.savvy-agents.com/properties/2709-s-atlantic-ave-daytona-beach-shores-cnmn7m,,none,"not published on new site (2709 S Atlantic Ave, Daytona Beach Shores FL); the Oct 2 old-site import brought every live old listing in as a draft at the same slug unless skipped, so this is most likely a draft on new site. Today the legacy redirect sends it to /newsite/properties (302) until published"
https://www.savvy-agents.com/properties/1647-1649-bear-valley-rd-sevierville-e0h118,,none,"not published on new site (1647/1649 Bear Valley Rd, Sevierville TN); the Oct 2 old-site import brought every live old listing in as a draft at the same slug unless skipped, so this is most likely a draft on new site. Today the legacy redirect sends it to /newsite/properties (302) until published"
https://www.savvy-agents.com/properties/2832-sequoia-rd-pigeon-forge-12db8z,,none,"not published on new site (2832 Sequoia Rd, Pigeon Forge TN); the Oct 2 old-site import brought every live old listing in as a draft at the same slug unless skipped, so this is most likely a draft on new site. Today the legacy redirect sends it to /newsite/properties (302) until published"
https://www.savvy-agents.com/properties/2868-pine-haven-dr-sevierville-z1t6vm,,none,"not published on new site (2868 Pine Haven Dr, Sevierville TN); the Oct 2 old-site import brought every live old listing in as a draft at the same slug unless skipped, so this is most likely a draft on new site. Today the legacy redirect sends it to /newsite/properties (302) until published"
https://www.savvy-agents.com/properties/39-wellstream-ln-palm-coast-ypzo2r,,none,"not published on new site (39 Wellstream Ln, Palm Coast FL); the Oct 2 old-site import brought every live old listing in as a draft at the same slug unless skipped, so this is most likely a draft on new site. Today the legacy redirect sends it to /newsite/properties (302) until published"
https://www.savvy-agents.com/properties/13615-n-45th-street-phoenix-m1ois9,,none,"not published on new site (13615 N 45th Street, Phoenix AZ); the Oct 2 old-site import brought every live old listing in as a draft at the same slug unless skipped, so this is most likely a draft on new site. Today the legacy redirect sends it to /newsite/properties (302) until published"
https://www.savvy-agents.com/properties/4658-e-kings-avenue-phoenix-pzoxy2,,none,"not published on new site (4658 E Kings Avenue, Phoenix AZ); the Oct 2 old-site import brought every live old listing in as a draft at the same slug unless skipped, so this is most likely a draft on new site. Today the legacy redirect sends it to /newsite/properties (302) until published"
https://www.savvy-agents.com/properties/1781-bear-creek-rd-leicester-vzfh5f,,none,"not published on new site (1781 Bear Creek Rd, Leicester NC); the Oct 2 old-site import brought every live old listing in as a draft at the same slug unless skipped, so this is most likely a draft on new site. Today the legacy redirect sends it to /newsite/properties (302) until published"
https://www.savvy-agents.com/properties/500-burton-dr-2212-tavernier-gsre4t,,none,"not published on new site (500 Burton Dr #2212, Tavernier FL); the Oct 2 old-site import brought every live old listing in as a draft at the same slug unless skipped, so this is most likely a draft on new site. Today the legacy redirect sends it to /newsite/properties (302) until published"
https://www.savvy-agents.com/properties/444-foxfire-circle-dr-innsbrook-70h5jo,,none,"not published on new site (444 Foxfire Circle Dr, Innsbrook MO); the Oct 2 old-site import brought every live old listing in as a draft at the same slug unless skipped, so this is most likely a draft on new site. Today the legacy redirect sends it to /newsite/properties (302) until published"
https://www.savvy-agents.com/properties/3134-halliday-ave-saint-louis-fxemj3,,none,"not published on new site (3134 Halliday Ave, Saint Louis MO); the Oct 2 old-site import brought every live old listing in as a draft at the same slug unless skipped, so this is most likely a draft on new site. Today the legacy redirect sends it to /newsite/properties (302) until published"
https://www.savvy-agents.com/properties/806-whisper-creek-ct-wentzville-oishfs,,none,"not published on new site (806 Whisper Creek Ct, Wentzville MO); the Oct 2 old-site import brought every live old listing in as a draft at the same slug unless skipped, so this is most likely a draft on new site. Today the legacy redirect sends it to /newsite/properties (302) until published"
https://www.savvy-agents.com/properties/13-cedarford-ct-palm-coast-eri213,,none,"not published on new site (13 Cedarford Ct, Palm Coast FL); the Oct 2 old-site import brought every live old listing in as a draft at the same slug unless skipped, so this is most likely a draft on new site. Today the legacy redirect sends it to /newsite/properties (302) until published"
https://www.savvy-agents.com/properties/662-morgantown-blvd-gulf-shores-tnkamd,,none,"not published on new site (662 Morgantown Blvd, Gulf Shores AL); the Oct 2 old-site import brought every live old listing in as a draft at the same slug unless skipped, so this is most likely a draft on new site. Today the legacy redirect sends it to /newsite/properties (302) until published"
https://www.savvy-agents.com/properties/3436-quail-way-pigeon-forge-h3mn5d,,none,"not published on new site (3436 Quail Way, Pigeon Forge TN); the Oct 2 old-site import brought every live old listing in as a draft at the same slug unless skipped, so this is most likely a draft on new site. Today the legacy redirect sends it to /newsite/properties (302) until published"
https://www.savvy-agents.com/properties/320-calzada-de-bougainville-marathon-wqhbb4,,none,"not published on new site (320 Calzada De Bougainville, Marathon FL); the Oct 2 old-site import brought every live old listing in as a draft at the same slug unless skipped, so this is most likely a draft on new site. Today the legacy redirect sends it to /newsite/properties (302) until published"
https://www.savvy-agents.com/properties/3523-w-brown-street-phoenix-ulpx8u,,none,"not published on new site (3523 W Brown Street, Phoenix AZ); the Oct 2 old-site import brought every live old listing in as a draft at the same slug unless skipped, so this is most likely a draft on new site. Today the legacy redirect sends it to /newsite/properties (302) until published"
https://www.savvy-agents.com/properties/1038-s-drew-street-mesa-llukbo,,none,"not published on new site (1038 S Drew Street, Mesa AZ); the Oct 2 old-site import brought every live old listing in as a draft at the same slug unless skipped, so this is most likely a draft on new site. Today the legacy redirect sends it to /newsite/properties (302) until published"
https://www.savvy-agents.com/properties/105-welwyn-ln-asheville-1tvl3l,,none,"not published on new site (105 Welwyn Ln, Asheville NC); the Oct 2 old-site import brought every live old listing in as a draft at the same slug unless skipped, so this is most likely a draft on new site. Today the legacy redirect sends it to /newsite/properties (302) until published"
https://www.savvy-agents.com/properties/204-mostert-dr-asheville-2qmw7c,,none,"not published on new site (204 Mostert Dr, Asheville NC); the Oct 2 old-site import brought every live old listing in as a draft at the same slug unless skipped, so this is most likely a draft on new site. Today the legacy redirect sends it to /newsite/properties (302) until published"
https://www.savvy-agents.com/properties/2760-hawks-view-trl-sevierville-yq9fa6,,none,"not published on new site (2760 Hawks View Trl, Sevierville TN); the Oct 2 old-site import brought every live old listing in as a draft at the same slug unless skipped, so this is most likely a draft on new site. Today the legacy redirect sends it to /newsite/properties (302) until published"
https://www.savvy-agents.com/properties/13-edith-ln-palm-coast-rycokx,,none,"not published on new site (13 Edith Ln, Palm Coast FL); the Oct 2 old-site import brought every live old listing in as a draft at the same slug unless skipped, so this is most likely a draft on new site. Today the legacy redirect sends it to /newsite/properties (302) until published"
https://www.savvy-agents.com/properties/717-valley-view-ln-gatlinburg-sptfd6,,none,"not published on new site (717 Valley View Ln, Gatlinburg TN); the Oct 2 old-site import brought every live old listing in as a draft at the same slug unless skipped, so this is most likely a draft on new site. Today the legacy redirect sends it to /newsite/properties (302) until published"
https://www.savvy-agents.com/properties/22-fordham-ln-palm-coast-6gk43m,,none,"not published on new site (22 Fordham Ln, Palm Coast FL); the Oct 2 old-site import brought every live old listing in as a draft at the same slug unless skipped, so this is most likely a draft on new site. Today the legacy redirect sends it to /newsite/properties (302) until published"
https://www.savvy-agents.com/properties/10-fleming-ct-palm-coast-ieipkk,,none,"not published on new site (10 Fleming Ct, Palm Coast FL); the Oct 2 old-site import brought every live old listing in as a draft at the same slug unless skipped, so this is most likely a draft on new site. Today the legacy redirect sends it to /newsite/properties (302) until published"
https://www.savvy-agents.com/properties/24400-perdido-beach-blvd-apt-904-orange-beach-uw4a2x,,none,"not published on new site (24400 Perdido Beach Blvd Apt 904, Orange Beach AL); the Oct 2 old-site import brought every live old listing in as a draft at the same slug unless skipped, so this is most likely a draft on new site. Today the legacy redirect sends it to /newsite/properties (302) until published"
https://www.savvy-agents.com/properties/24132-perdido-beach-blvd-apt-1123-orange-beach-nsnxwu,,none,"not published on new site (24132 Perdido Beach Blvd Apt 1123, Orange Beach AL); the Oct 2 old-site import brought every live old listing in as a draft at the same slug unless skipped, so this is most likely a draft on new site. Today the legacy redirect sends it to /newsite/properties (302) until published"
https://www.savvy-agents.com/properties/4151-oak-ridge-st-pigeon-forge-921h21,,none,"not published on new site (4151 Oak Ridge St, Pigeon Forge TN); the Oct 2 old-site import brought every live old listing in as a draft at the same slug unless skipped, so this is most likely a draft on new site. Today the legacy redirect sends it to /newsite/properties (302) until published"
https://www.savvy-agents.com/properties/1448-red-cedar-ln-sevierville-bq6xut,,none,"not published on new site (1448 Red Cedar Ln, Sevierville TN); the Oct 2 old-site import brought every live old listing in as a draft at the same slug unless skipped, so this is most likely a draft on new site. Today the legacy redirect sends it to /newsite/properties (302) until published"
https://www.savvy-agents.com/properties/372-indian-knob-cir-pigeon-forge-cw0j5h,,none,"not published on new site (372 Indian Knob Cir, Pigeon Forge TN); the Oct 2 old-site import brought every live old listing in as a draft at the same slug unless skipped, so this is most likely a draft on new site. Today the legacy redirect sends it to /newsite/properties (302) until published"
https://www.savvy-agents.com/properties/1815-silver-poplar-ln-sevierville-4z84mw,,none,"not published on new site (1815 Silver Poplar Ln, Sevierville TN); the Oct 2 old-site import brought every live old listing in as a draft at the same slug unless skipped, so this is most likely a draft on new site. Today the legacy redirect sends it to /newsite/properties (302) until published"
https://www.savvy-agents.com/properties/1021-82nd-st-marathon-35a40y,,none,"not published on new site (1021 82nd St, Marathon FL); the Oct 2 old-site import brought every live old listing in as a draft at the same slug unless skipped, so this is most likely a draft on new site. Today the legacy redirect sends it to /newsite/properties (302) until published"
https://www.savvy-agents.com/properties/3328-smoky-ridge-way-sevierville-nqij2r,,none,"not published on new site (3328 Smoky Ridge Way, Sevierville TN); the Oct 2 old-site import brought every live old listing in as a draft at the same slug unless skipped, so this is most likely a draft on new site. Today the legacy redirect sends it to /newsite/properties (302) until published"
https://www.savvy-agents.com/properties/2834-lafayette-ave-saint-louis-hqy6vh,,none,"not published on new site (2834 Lafayette Ave, Saint Louis MO); the Oct 2 old-site import brought every live old listing in as a draft at the same slug unless skipped, so this is most likely a draft on new site. Today the legacy redirect sends it to /newsite/properties (302) until published"
https://www.savvy-agents.com/properties/130-reef-rd-south-daytona-i05lea,,none,"not published on new site (130 Reef Rd, South Daytona FL); the Oct 2 old-site import brought every live old listing in as a draft at the same slug unless skipped, so this is most likely a draft on new site. Today the legacy redirect sends it to /newsite/properties (302) until published"
https://www.savvy-agents.com/properties/8619-e-roanoke-avenue-scottsdale-f18x0k,,none,"not published on new site (8619 E Roanoke Avenue, Scottsdale AZ); the Oct 2 old-site import brought every live old listing in as a draft at the same slug unless skipped, so this is most likely a draft on new site. Today the legacy redirect sends it to /newsite/properties (302) until published"
https://www.savvy-agents.com/properties/8725-e-coronado-road-scottsdale-bevgd5,,none,"not published on new site (8725 E Coronado Road, Scottsdale AZ); the Oct 2 old-site import brought every live old listing in as a draft at the same slug unless skipped, so this is most likely a draft on new site. Today the legacy redirect sends it to /newsite/properties (302) until published"
https://www.savvy-agents.com/properties/2306-wooddale-way-pigeon-forge-dkzc6b,,none,"not published on new site (2306 Wooddale Way, Pigeon Forge TN); the Oct 2 old-site import brought every live old listing in as a draft at the same slug unless skipped, so this is most likely a draft on new site. Today the legacy redirect sends it to /newsite/properties (302) until published"
https://www.savvy-agents.com/properties/2322-bonnie-ln-sevierville-yieqhx,,none,"not published on new site (2322 Bonnie Ln, Sevierville TN); the Oct 2 old-site import brought every live old listing in as a draft at the same slug unless skipped, so this is most likely a draft on new site. Today the legacy redirect sends it to /newsite/properties (302) until published"
https://www.savvy-agents.com/properties/229-greenbriar-road-banner-elk-1chwz7,,none,"not published on new site (229 Greenbriar Road, Banner Elk NC); the Oct 2 old-site import brought every live old listing in as a draft at the same slug unless skipped, so this is most likely a draft on new site. Today the legacy redirect sends it to /newsite/properties (302) until published"
https://www.savvy-agents.com/properties/1055-s-brevard-avenue-cocoa-beach-9r3gsj,,none,"not published on new site (1055 S Brevard Avenue, Cocoa Beach FL); the Oct 2 old-site import brought every live old listing in as a draft at the same slug unless skipped, so this is most likely a draft on new site. Today the legacy redirect sends it to /newsite/properties (302) until published"
https://www.savvy-agents.com/properties/24230-perdido-beach-blvd-apt-3125-orange-beach-um3iki,,none,"not published on new site (24230 Perdido Beach Blvd Apt 3125, Orange Beach AL); the Oct 2 old-site import brought every live old listing in as a draft at the same slug unless skipped, so this is most likely a draft on new site. Today the legacy redirect sends it to /newsite/properties (302) until published"
https://www.savvy-agents.com/properties/375-plantation-rd-5105-gulf-shores-w4xjz4,,none,"not published on new site (375 Plantation Rd #5105, Gulf Shores AL); the Oct 2 old-site import brought every live old listing in as a draft at the same slug unless skipped, so this is most likely a draft on new site. Today the legacy redirect sends it to /newsite/properties (302) until published"
https://www.savvy-agents.com/properties/400-plantation-rd-4414-gulf-shores-xhbblv,,none,"not published on new site (400 Plantation Rd #4414, Gulf Shores AL); the Oct 2 old-site import brought every live old listing in as a draft at the same slug unless skipped, so this is most likely a draft on new site. Today the legacy redirect sends it to /newsite/properties (302) until published"
https://www.savvy-agents.com/properties/6215-sawgrass-dr-gulf-shores-yuliui,,none,"not published on new site (6215 Sawgrass Dr, Gulf Shores AL); the Oct 2 old-site import brought every live old listing in as a draft at the same slug unless skipped, so this is most likely a draft on new site. Today the legacy redirect sends it to /newsite/properties (302) until published"
https://www.savvy-agents.com/properties/1802-fletcher-st-melbourne-wpytpu,,none,"not published on new site (1802 Fletcher St, Melbourne FL); the Oct 2 old-site import brought every live old listing in as a draft at the same slug unless skipped, so this is most likely a draft on new site. Today the legacy redirect sends it to /newsite/properties (302) until published"
https://www.savvy-agents.com/properties/2819-white-oak-ridge-ln-sevierville-v4t2aa,,none,"not published on new site (2819 White Oak Ridge Ln, Sevierville TN); the Oct 2 old-site import brought every live old listing in as a draft at the same slug unless skipped, so this is most likely a draft on new site. Today the legacy redirect sends it to /newsite/properties (302) until published"
https://www.savvy-agents.com/properties/38-country-life-dr-o-fallon-q9b7i8,,none,"not published on new site (38 Country Life Dr, O'Fallon MO); the Oct 2 old-site import brought every live old listing in as a draft at the same slug unless skipped, so this is most likely a draft on new site. Today the legacy redirect sends it to /newsite/properties (302) until published"
https://www.savvy-agents.com/properties/1440-w-beach-blvd-gulf-shores-udyi26,,none,"not published on new site (1440 W Beach Blvd, Gulf Shores AL); the Oct 2 old-site import brought every live old listing in as a draft at the same slug unless skipped, so this is most likely a draft on new site. Today the legacy redirect sends it to /newsite/properties (302) until published"
https://www.savvy-agents.com/properties/1385-w-beach-blvd-gulf-shores-4kh2yx,,none,"not published on new site (1385 W Beach Blvd, Gulf Shores AL); the Oct 2 old-site import brought every live old listing in as a draft at the same slug unless skipped, so this is most likely a draft on new site. Today the legacy redirect sends it to /newsite/properties (302) until published"
https://www.savvy-agents.com/properties/534-chickasaw-gap-way-pigeon-forge-5cl76r,,none,"not published on new site (534 Chickasaw Gap Way, Pigeon Forge TN); the Oct 2 old-site import brought every live old listing in as a draft at the same slug unless skipped, so this is most likely a draft on new site. Today the legacy redirect sends it to /newsite/properties (302) until published"
https://www.savvy-agents.com/properties/1941-congress-st-saint-louis-nlb143,,none,"not published on new site (1941 Congress St, Saint Louis MO); the Oct 2 old-site import brought every live old listing in as a draft at the same slug unless skipped, so this is most likely a draft on new site. Today the legacy redirect sends it to /newsite/properties (302) until published"
https://www.savvy-agents.com/properties/7-bubbling-creek-dr-travelers-rest-dudq8n,,none,"not published on new site (7 Bubbling Creek Dr, Travelers Rest SC); the Oct 2 old-site import brought every live old listing in as a draft at the same slug unless skipped, so this is most likely a draft on new site. Today the legacy redirect sends it to /newsite/properties (302) until published"
https://www.savvy-agents.com/properties/1113-dickson-rd-campobello-rytq5k,,none,"not published on new site (1113 Dickson Rd, Campobello SC); the Oct 2 old-site import brought every live old listing in as a draft at the same slug unless skipped, so this is most likely a draft on new site. Today the legacy redirect sends it to /newsite/properties (302) until published"
https://www.savvy-agents.com/properties/1435-soaring-eagle-dr-o-fallon-ixtsbm,,none,"not published on new site (1435 Soaring Eagle Dr, O'Fallon MO); the Oct 2 old-site import brought every live old listing in as a draft at the same slug unless skipped, so this is most likely a draft on new site. Today the legacy redirect sends it to /newsite/properties (302) until published"
https://www.savvy-agents.com/properties/1020-w-cherry-st-troy-ze5tsm,,none,"not published on new site (1020 W Cherry St, Troy MO); the Oct 2 old-site import brought every live old listing in as a draft at the same slug unless skipped, so this is most likely a draft on new site. Today the legacy redirect sends it to /newsite/properties (302) until published"
https://www.savvy-agents.com/properties/712-octagon-dr-gatlinburg-vf0n13,,none,"not published on new site (712 Octagon Dr, Gatlinburg TN); the Oct 2 old-site import brought every live old listing in as a draft at the same slug unless skipped, so this is most likely a draft on new site. Today the legacy redirect sends it to /newsite/properties (302) until published"
https://www.savvy-agents.com/properties/3319-n-ocean-shore-blvd-flagler-beach-9wmz6b,,none,"not published on new site (3319 N Ocean Shore Blvd, Flagler Beach FL); the Oct 2 old-site import brought every live old listing in as a draft at the same slug unless skipped, so this is most likely a draft on new site. Today the legacy redirect sends it to /newsite/properties (302) until published"
https://www.savvy-agents.com/properties/1936-seagle-hollow-rd-sevierville-1z0air,,none,"not published on new site (1936 Seagle Hollow Rd, Sevierville TN); the Oct 2 old-site import brought every live old listing in as a draft at the same slug unless skipped, so this is most likely a draft on new site. Today the legacy redirect sends it to /newsite/properties (302) until published"
https://www.savvy-agents.com/properties/2123-windy-ln-sevierville-j4r9k8,,none,"not published on new site (2123 Windy Ln, Sevierville TN); the Oct 2 old-site import brought every live old listing in as a draft at the same slug unless skipped, so this is most likely a draft on new site. Today the legacy redirect sends it to /newsite/properties (302) until published"
https://www.savvy-agents.com/properties/94-bent-pine-trl-broken-bow-rnstf8,,none,"not published on new site (94 Bent Pine Trl, Broken Bow OK); the Oct 2 old-site import brought every live old listing in as a draft at the same slug unless skipped, so this is most likely a draft on new site. Today the legacy redirect sends it to /newsite/properties (302) until published"
https://www.savvy-agents.com/properties/1258-bird-nest-way-sevierville-s7ihe9,,none,"not published on new site (1258 Bird Nest Way, Sevierville TN); the Oct 2 old-site import brought every live old listing in as a draft at the same slug unless skipped, so this is most likely a draft on new site. Today the legacy redirect sends it to /newsite/properties (302) until published"
https://www.savvy-agents.com/properties/116-w-hiawatha-ct-asheville-fu5tsv,,none,"not published on new site (116 W Hiawatha Ct, Asheville NC); the Oct 2 old-site import brought every live old listing in as a draft at the same slug unless skipped, so this is most likely a draft on new site. Today the legacy redirect sends it to /newsite/properties (302) until published"
https://www.savvy-agents.com/properties/109-david-st-greenville-48733s,,none,"not published on new site (109 David St, Greenville SC); the Oct 2 old-site import brought every live old listing in as a draft at the same slug unless skipped, so this is most likely a draft on new site. Today the legacy redirect sends it to /newsite/properties (302) until published"
https://www.savvy-agents.com/properties/2022-geyer-ave-saint-louis-19ffu8,,none,"not published on new site (2022 Geyer Ave, Saint Louis MO); the Oct 2 old-site import brought every live old listing in as a draft at the same slug unless skipped, so this is most likely a draft on new site. Today the legacy redirect sends it to /newsite/properties (302) until published"
https://www.savvy-agents.com/properties/100-webster-ln-palm-coast-6i0m4o,,none,"not published on new site (100 Webster Ln, Palm Coast FL); the Oct 2 old-site import brought every live old listing in as a draft at the same slug unless skipped, so this is most likely a draft on new site. Today the legacy redirect sends it to /newsite/properties (302) until published"
https://www.savvy-agents.com/properties/941-shady-path-ct-saint-peters-7vpztd,,none,"not published on new site (941 Shady Path Ct, Saint Peters MO); the Oct 2 old-site import brought every live old listing in as a draft at the same slug unless skipped, so this is most likely a draft on new site. Today the legacy redirect sends it to /newsite/properties (302) until published"
https://www.savvy-agents.com/properties/206-fir-ave-melbourne-beach-fvdxxv,,none,"not published on new site (206 Fir Ave, Melbourne Beach FL); the Oct 2 old-site import brought every live old listing in as a draft at the same slug unless skipped, so this is most likely a draft on new site. Today the legacy redirect sends it to /newsite/properties (302) until published"
https://www.savvy-agents.com/properties/1261-w-lagoon-ave-gulf-shores-xyrogu,,none,"not published on new site (1261 W Lagoon Ave, Gulf Shores AL); the Oct 2 old-site import brought every live old listing in as a draft at the same slug unless skipped, so this is most likely a draft on new site. Today the legacy redirect sends it to /newsite/properties (302) until published"
https://www.savvy-agents.com/properties/589-clairmont-ln-south-daytona-ia2me4,,none,"not published on new site (589 Clairmont Ln, South Daytona FL); the Oct 2 old-site import brought every live old listing in as a draft at the same slug unless skipped, so this is most likely a draft on new site. Today the legacy redirect sends it to /newsite/properties (302) until published"
https://www.savvy-agents.com/properties/2629-jerusalem-way-sevierville-dycs5d,,none,"not published on new site (2629 Jerusalem Way, Sevierville TN); the Oct 2 old-site import brought every live old listing in as a draft at the same slug unless skipped, so this is most likely a draft on new site. Today the legacy redirect sends it to /newsite/properties (302) until published"
https://www.savvy-agents.com/properties/215-n-arsenal-ave-indianapolis-cdyluh,,none,"not published on new site (215 N Arsenal Ave, Indianapolis IN); the Oct 2 old-site import brought every live old listing in as a draft at the same slug unless skipped, so this is most likely a draft on new site. Today the legacy redirect sends it to /newsite/properties (302) until published"
https://www.savvy-agents.com/properties/211-ruby-ave-black-mountain-23n5yf,,none,"not published on new site (211 Ruby Ave, Black Mountain NC); the Oct 2 old-site import brought every live old listing in as a draft at the same slug unless skipped, so this is most likely a draft on new site. Today the legacy redirect sends it to /newsite/properties (302) until published"
https://www.savvy-agents.com/properties/612-cherry-blossom-way-pigeon-forge-fvajq1,,none,"not published on new site (612 Cherry Blossom Way, Pigeon Forge TN); the Oct 2 old-site import brought every live old listing in as a draft at the same slug unless skipped, so this is most likely a draft on new site. Today the legacy redirect sends it to /newsite/properties (302) until published"
https://www.savvy-agents.com/properties/621-houser-way-s-renton-rjwore,,none,"not published on new site (621 Houser Way S, Renton WA); the Oct 2 old-site import brought every live old listing in as a draft at the same slug unless skipped, so this is most likely a draft on new site. Today the legacy redirect sends it to /newsite/properties (302) until published"
https://www.savvy-agents.com/resources,https://home.savvy-agents.com/newsite/resources,static,source: old-site route (not in sitemap)
https://www.savvy-agents.com/sell,https://home.savvy-agents.com/newsite/sell,static,source: old-site route (not in sitemap)
https://www.savvy-agents.com/join-our-team,https://home.savvy-agents.com/newsite/join-our-team,static,source: old-site route (not in sitemap)
https://www.savvy-agents.com/agents/liz-huxley,,none,"Liz Huxley: no published agent profile on new site (left, unpublished, or never created); legacy redirect falls back to /newsite/agents (302); source: old /agents page"
https://www.savvy-agents.com/agents/joshua-flamm,https://home.savvy-agents.com/newsite/agents/joshua-flamm,exact-slug,source: old /agents page
https://www.savvy-agents.com/agents/kristin-hajek,,none,"Nicki Hajek: no published agent profile on new site (left, unpublished, or never created); legacy redirect falls back to /newsite/agents (302); source: old /agents page"
https://www.savvy-agents.com/agents/ellie-paget,https://home.savvy-agents.com/newsite/agents/ellie-paget,exact-slug,source: old /agents page
https://www.savvy-agents.com/agents/james-st-laurent,,none,"James St Laurent: no published agent profile on new site (left, unpublished, or never created); legacy redirect falls back to /newsite/agents (302); source: old /agents page"
https://www.savvy-agents.com/agents/liz-davis,,none,"Liz Davis: no published agent profile on new site (left, unpublished, or never created); legacy redirect falls back to /newsite/agents (302); source: old /agents page"
https://www.savvy-agents.com/agents/al-sedighravesh,https://home.savvy-agents.com/newsite/agents/al-sedighravesh,exact-slug,source: old /agents page
https://www.savvy-agents.com/agents/cody-zucker,https://home.savvy-agents.com/newsite/agents/cody-zucker,exact-slug,source: old /agents page
https://www.savvy-agents.com/agents/julie-boone,,none,"Julie Boone: no published agent profile on new site (left, unpublished, or never created); legacy redirect falls back to /newsite/agents (302); source: old /agents page"
https://www.savvy-agents.com/agents/jeremy-levine,https://home.savvy-agents.com/newsite/agents/jeremy-levine,exact-slug,source: old /agents page
https://www.savvy-agents.com/agents/blake-carter,,none,"Blake Carter: no published agent profile on new site (left, unpublished, or never created); legacy redirect falls back to /newsite/agents (302); source: old /agents page"
https://www.savvy-agents.com/agents/ryan-mcfadyen,,none,"Ryan McFadyen: no published agent profile on new site (left, unpublished, or never created); legacy redirect falls back to /newsite/agents (302); source: old /agents page"
https://www.savvy-agents.com/agents/lisa-benway,https://home.savvy-agents.com/newsite/agents/lisa-benway,exact-slug,source: old /agents page
https://www.savvy-agents.com/agents/jeremy-holden,,none,"Jeremy Holden: no published agent profile on new site (left, unpublished, or never created); legacy redirect falls back to /newsite/agents (302); source: old /agents page"
https://www.savvy-agents.com/agents/sales-savvy,,none,"Sales Savvy: no published agent profile on new site (left, unpublished, or never created); legacy redirect falls back to /newsite/agents (302); source: old /agents page"
https://www.savvy-agents.com/agents/cole-lema-2,https://home.savvy-agents.com/newsite/agents/cole-lema,renamed,"Cole Lema: same agent, slug without the -2 suffix; source: old /agents page; in shared/websitePathRedirects.ts (one 301 hop from the old URL)"
https://www.savvy-agents.com/agents/mollie-dawson,https://home.savvy-agents.com/newsite/agents/mollie-dawson,exact-slug,source: old /agents page
https://www.savvy-agents.com/agents/stacey-b-bateman-2,https://home.savvy-agents.com/newsite/agents/stacey-b-bateman-2,exact-slug,source: old /agents page
https://www.savvy-agents.com/agents/james-wright,,none,"James Wright: no published agent profile on new site (left, unpublished, or never created); legacy redirect falls back to /newsite/agents (302); source: old /agents page"
https://www.savvy-agents.com/agents/charles,https://home.savvy-agents.com/newsite/agents/charles,exact-slug,source: old /agents page
https://www.savvy-agents.com/agents/jennifer-leviseur,https://home.savvy-agents.com/newsite/agents/jennifer-leviseur,exact-slug,source: old /agents page
https://www.savvy-agents.com/agents/alicia-duncan,https://home.savvy-agents.com/newsite/agents/alicia-duncan,exact-slug,source: old /agents page
https://www.savvy-agents.com/agents/joe-rohne,https://home.savvy-agents.com/newsite/agents/joe-rohne,exact-slug,source: old /agents page
https://www.savvy-agents.com/agents/breanne-grubb,https://home.savvy-agents.com/newsite/agents/breanne-grubb,exact-slug,source: old /agents page
https://www.savvy-agents.com/agents/tyler-coon,https://home.savvy-agents.com/newsite/agents/tyler-coon,exact-slug,source: old /agents page
https://www.savvy-agents.com/agents/lance-wolfe,https://home.savvy-agents.com/newsite/agents/lance-wolfe,exact-slug,source: old /agents page
https://www.savvy-agents.com/agents/brandon-thompson,https://home.savvy-agents.com/newsite/agents/brandon-thompson,exact-slug,source: old /agents page
https://www.savvy-agents.com/agents/ana-estevez-2,https://home.savvy-agents.com/newsite/agents/ana-estevez,renamed,"Ana Estevez: same agent, slug without the -2 suffix; source: old /agents page; in shared/websitePathRedirects.ts (one 301 hop from the old URL)"
https://www.savvy-agents.com/agents/aaron-dominy,https://home.savvy-agents.com/newsite/agents/aaron-dominy,exact-slug,source: old /agents page
https://www.savvy-agents.com/agents/melissa-young,https://home.savvy-agents.com/newsite/agents/melissa-young,exact-slug,source: old /agents page
https://www.savvy-agents.com/agents/leah-yuhasz,https://home.savvy-agents.com/newsite/agents/leah-yuhasz,exact-slug,source: old /agents page
https://www.savvy-agents.com/agents/scott-reese,https://home.savvy-agents.com/newsite/agents/scott-reese,exact-slug,source: old /agents page
https://www.savvy-agents.com/agents/eric-edwards,https://home.savvy-agents.com/newsite/agents/eric-edwards,exact-slug,source: old /agents page
https://www.savvy-agents.com/agents/alex-hall,https://home.savvy-agents.com/newsite/agents/alex-hall,exact-slug,source: old /agents page
https://www.savvy-agents.com/agents/kaitlin-glenn,https://home.savvy-agents.com/newsite/agents/kaitlin-glenn,exact-slug,source: old /agents page
https://www.savvy-agents.com/agents/john-carbone,https://home.savvy-agents.com/newsite/agents/john-carbone,exact-slug,source: old /agents page
https://www.savvy-agents.com/agents/justin-powell,https://home.savvy-agents.com/newsite/agents/justin-powell,exact-slug,source: old /agents page
https://www.savvy-agents.com/agents/rachel-kirkham-2,https://home.savvy-agents.com/newsite/agents/rachel-kirkham-2,exact-slug,source: old /agents page
https://www.savvy-agents.com/agents/lance-hamilton,https://home.savvy-agents.com/newsite/agents/lance-hamilton,exact-slug,source: old /agents page
https://www.savvy-agents.com/agents/rich-clover,https://home.savvy-agents.com/newsite/agents/rich-clover,exact-slug,source: old /agents page
https://www.savvy-agents.com/agents/cara-truckey,https://home.savvy-agents.com/newsite/agents/cara-truckey,exact-slug,source: old /agents page
https://www.savvy-agents.com/agents/zach-munoz,https://home.savvy-agents.com/newsite/agents/zach-munoz,exact-slug,source: old /agents page
https://www.savvy-agents.com/agents/morgan-winters,https://home.savvy-agents.com/newsite/agents/morgan-winters,exact-slug,source: old /agents page
https://www.savvy-agents.com/agents/bradlee-kay-goodman,https://home.savvy-agents.com/newsite/agents/bradlee-kay-goodman,exact-slug,source: old /agents page
https://www.savvy-agents.com/agents/mike-pocisk,https://home.savvy-agents.com/newsite/agents/mike-pocisk,exact-slug,source: old /agents page
https://www.savvy-agents.com/agents/caressa-khan,https://home.savvy-agents.com/newsite/agents/caressa-khan,exact-slug,source: old /agents page
https://www.savvy-agents.com/agents/nikkei-rosenberg,https://home.savvy-agents.com/newsite/agents/nikkei-rosenberg,exact-slug,source: old /agents page
https://www.savvy-agents.com/agents/jennifer-mazzell,https://home.savvy-agents.com/newsite/agents/jennifer-mazzell,exact-slug,source: old /agents page
https://www.savvy-agents.com/agents/clarke-tefft,https://home.savvy-agents.com/newsite/agents/clarke-tefft,exact-slug,source: old /agents page
https://www.savvy-agents.com/agents/anne-wild,https://home.savvy-agents.com/newsite/agents/anne-wild,exact-slug,source: old /agents page
https://www.savvy-agents.com/agents/jason-royer,https://home.savvy-agents.com/newsite/agents/jason-royer,exact-slug,source: old /agents page
https://www.savvy-agents.com/agents/evangeline-hooie,https://home.savvy-agents.com/newsite/agents/evangeline-hooie,exact-slug,source: old /agents page
https://www.savvy-agents.com/agents/matthew-marcelissen,https://home.savvy-agents.com/newsite/agents/matthew-marcelissen,exact-slug,source: old /agents page
https://www.savvy-agents.com/agents/dashia-lo-coco,https://home.savvy-agents.com/newsite/agents/dashia-lo-coco,exact-slug,source: old /agents page
https://www.savvy-agents.com/agents/michael-klein-2,https://home.savvy-agents.com/newsite/agents/michael-klein-2,exact-slug,source: old /agents page
https://www.savvy-agents.com/agents/phillip-munoz,https://home.savvy-agents.com/newsite/agents/phillip-munoz,exact-slug,source: old /agents page
https://www.savvy-agents.com/agents/dhruv-chougle,,none,"Dhruv Chougle: no published agent profile on new site (left, unpublished, or never created); legacy redirect falls back to /newsite/agents (302); source: old /agents page"
https://www.savvy-agents.com/agents/zane-landgrover,https://home.savvy-agents.com/newsite/agents/zane-landgrover,exact-slug,source: old /agents page
https://www.savvy-agents.com/case-studies/greenville-sc-4-br-homes-in-mauldin-near-the-new-bridgeway-station-770958757,,none,"""Greenville, SC 4 BR homes in Mauldin near the new Bridgeway Station"": not published on new site; legacy redirect falls back to /newsite/case-studies (302); source: old /case-studies page"
https://www.savvy-agents.com/case-studies/greenville-sc-4-br-modern-home-with-a-pool-and-cabana-near-greer-sc-119886592,,none,"""Greenville, SC 4 BR modern home with a pool and cabana near Greer, SC"": not published on new site; legacy redirect falls back to /newsite/case-studies (302); source: old /case-studies page"
https://www.savvy-agents.com/case-studies/greenville-sc-bungalow-2-br-1-ba-near-downtown-and-city-park-249920796,,none,"""Greenville, SC Bungalow 2 BR / 1 BA near downtown and city park"": not published on new site; legacy redirect falls back to /newsite/case-studies (302); source: old /case-studies page"
https://www.savvy-agents.com/case-studies/maggie-valley-nc-2-br-cabin-with-a-view-that-added-great-design-and-the-right-amenities-amenities-107244035,,none,"""Maggie Valley, NC 2 BR cabin with a view that added great design and the right amenities amenities"": not published on new site; legacy redirect falls back to /newsite/case-studies (302); source: old /case-studies page"
https://www.savvy-agents.com/case-studies/mars-hill-nc-4-br-complete-redesign-and-overhaul-to-be-a-top-revenue-producer-252871157,,none,"""Mars Hill, NC 4 BR Complete redesign and overhaul to be a top revenue producer"": not published on new site; legacy redirect falls back to /newsite/case-studies (302); source: old /case-studies page"
https://www.savvy-agents.com/case-studies/hendersonville-nc-close-to-downtown-with-hot-tub-and-firepit-added-631988504,,none,"""Hendersonville, NC - Close to downtown with hot tub and firepit added"": not published on new site; legacy redirect falls back to /newsite/case-studies (302); source: old /case-studies page"
https://www.savvy-agents.com/case-studies/1132-seminole-drive-3br-3ba-with-a-pool-1-2-mile-from-riverbanks-zoo-228915025,,none,"""Columbia, SC - 1132 Seminole Drive 3BR/3BA with a pool 1/2 mile from Riverbanks Zoo"": not published on new site; legacy redirect falls back to /newsite/case-studies (302); source: old /case-studies page"
https://www.savvy-agents.com/case-studies/3024-blaylock-road-columbia-sc-501747664,,none,"""Columbia, SC - 5 BR and close to Airport and Zoo"": not published on new site; legacy redirect falls back to /newsite/case-studies (302); source: old /case-studies page"
https://www.savvy-agents.com/case-studies/orem-utah-511755547,https://home.savvy-agents.com/newsite/case-studies/orem-utah-511755547,exact-slug,source: old /case-studies page
https://www.savvy-agents.com/case-studies/1237-s-virginia-dare-trl-kill-devil-hills-nc-163128803,,none,"""1237 S Virginia Dare Trl, Kill Devil Hills, NC"": not published on new site; legacy redirect falls back to /newsite/case-studies (302); source: old /case-studies page"
https://www.savvy-agents.com/case-studies/5747-n-16th-st-phoenix-az-458736053,,none,"""5747 N 16th St, Phoenix, AZ"": not published on new site; legacy redirect falls back to /newsite/case-studies (302); source: old /case-studies page"
https://www.savvy-agents.com/case-studies/sunshine-retreat-fort-lauderdale-fl-516929127,,none,"""Sunshine Retreat | Fort Lauderdale, FL"": not published on new site; legacy redirect falls back to /newsite/case-studies (302); source: old /case-studies page"
https://www.savvy-agents.com/case-studies/307-w-avalon-dr-kill-devil-hills-nc-512054311,,none,"""307 W Avalon Dr, Kill Devil Hills, NC"": not published on new site; legacy redirect falls back to /newsite/case-studies (302); source: old /case-studies page"
https://www.savvy-agents.com/case-studies/1205-s-virginia-dare-trail-811160593,,none,"""1205 S Virginia Dare Trail"": not published on new site; legacy redirect falls back to /newsite/case-studies (302); source: old /case-studies page"
https://www.savvy-agents.com/case-studies/brandyapple-retreat-family-friendly-oasis-323607880,,none,"""Brandyapple Retreat: Family-Friendly Oasis"": not published on new site; legacy redirect falls back to /newsite/case-studies (302); source: old /case-studies page"
https://www.savvy-agents.com/case-studies/6724-beach-dr-panama-city-beach-363055429,,none,"""6724 Beach Dr. Panama City Beach"": not published on new site; legacy redirect falls back to /newsite/case-studies (302); source: old /case-studies page"
https://www.savvy-agents.com/case-studies/7170-lawrenceburg-rd-chaplin-ky-512948869,,none,"""7170 Lawrenceburg Rd, Chaplin KY"": not published on new site; legacy redirect falls back to /newsite/case-studies (302); source: old /case-studies page"
https://www.savvy-agents.com/case-studies/235-westover-rd-frankfort-ky-792369296,,none,"""235 Westover Rd, Frankfort KY"": not published on new site; legacy redirect falls back to /newsite/case-studies (302); source: old /case-studies page"
https://www.savvy-agents.com/case-studies/339-ocean-course-ave-champions-gate-fl-812957268,,none,"""339 Ocean Course Ave, Champions Gate, FL"": not published on new site; legacy redirect falls back to /newsite/case-studies (302); source: old /case-studies page"
https://www.savvy-agents.com/case-studies/12-collison-ct-palm-coast-fl-805220550,,none,"""12 Collison Ct, Palm Coast, FL"": not published on new site; legacy redirect falls back to /newsite/case-studies (302); source: old /case-studies page"
https://www.savvy-agents.com/case-studies/3-1st-street-st-augustine-fl-350405983,,none,"""3 1ST Street, St. Augustine, FL"": not published on new site; legacy redirect falls back to /newsite/case-studies (302); source: old /case-studies page"
https://www.savvy-agents.com/case-studies/172-3rd-ave-west-glacier-mt-163050251,,none,"""172 3rd Ave, West Glacier, MT"": not published on new site; legacy redirect falls back to /newsite/case-studies (302); source: old /case-studies page"
https://www.savvy-agents.com/case-studies/445-poplar-drive-greenwood-in-772655406,,none,"""445 Poplar Drive, Greenwood, IN"": not published on new site; legacy redirect falls back to /newsite/case-studies (302); source: old /case-studies page"
https://www.savvy-agents.com/case-studies/124-rose-coral-dr-panama-city-beach-fl-800358881,,none,"""124 Rose Coral Dr, Panama City Beach, FL"": not published on new site; legacy redirect falls back to /newsite/case-studies (302); source: old /case-studies page"
https://www.savvy-agents.com/case-studies/634-cypresswood-dr-spring-tx-862669538,,none,"""634 Cypresswood Dr, Spring, TX"": not published on new site; legacy redirect falls back to /newsite/case-studies (302); source: old /case-studies page"
https://www.savvy-agents.com/case-studies/3071-hafen-ln-melbourne-beach-fl-046957209,,none,"""3071 Hafen Ln, Melbourne Beach, FL"": not published on new site; legacy redirect falls back to /newsite/case-studies (302); source: old /case-studies page"
https://www.savvy-agents.com/case-studies/sandy-utah-creative-finance-deal-440997657,,none,"""Sandy Utah Creative Finance Deal"": not published on new site; legacy redirect falls back to /newsite/case-studies (302); source: old /case-studies page"
https://www.savvy-agents.com/case-studies/wentzvilles-grandmas-revival-138948136,,none,"""Wentzville's Grandma Revival"": not published on new site; legacy redirect falls back to /newsite/case-studies (302); source: old /case-studies page"
https://www.savvy-agents.com/case-studies/the-bradley-breeze-bradley-beach-nj-a-top-performer-that-was-priced-like-an-average-one-621226764,,none,"""The Bradley Breeze, Bradley Beach NJ: A Top Performer That Was Priced Like an Average One"": not published on new site; legacy redirect falls back to /newsite/case-studies (302); source: old /case-studies page"
https://www.savvy-agents.com/case-studies/a-shore-thing-belmar-nj-a-2-bedroom-that-out-earns-the-market-837027882,,none,"""A Shore Thing, Belmar NJ: A 2-Bedroom That Out-Earns the Market"": not published on new site; legacy redirect falls back to /newsite/case-studies (302); source: old /case-studies page"
https://www.savvy-agents.com/case-studies/epic-rooftop-st-augustine-beach-case-study-top-performing-property-now-value-add-996576867,,none,"""Epic rooftop St. Augustine Beach case study: $1.55M Purchase → $450K Transformation → $450K Annual Revenue"": not published on new site; legacy redirect falls back to /newsite/case-studies (302); source: old /case-studies page"
https://www.savvy-agents.com/case-studies/621-decatur-drive-wilmington-nc-28403-735767938,,none,"""621 Decatur Drive, Wilmington, NC  28403"": not published on new site; legacy redirect falls back to /newsite/case-studies (302); source: old /case-studies page"
https://www.savvy-agents.com/case-studies/4449-forest-vista-way-pigeon-forge-tn-982027370,,none,"""4449 Forest Vista Way Pigeon Forge TN"": not published on new site; legacy redirect falls back to /newsite/case-studies (302); source: old /case-studies page"
https://www.savvy-agents.com/case-studies/draper-utah-948735786,,none,"""Draper Utah"": not published on new site; legacy redirect falls back to /newsite/case-studies (302); source: old /case-studies page"
https://www.savvy-agents.com/case-studies/great-hendersonville-nc-bungalow-5-min-from-downtown-883774461,,none,"""Hendersonville, NC - Bungalow 5 min from downtown"": not published on new site; legacy redirect falls back to /newsite/case-studies (302); source: old /case-studies page"
https://www.savvy-agents.com/case-studies/5-br-pool-purchase-in-greenville-in-july-2025-073852049,,none,"""Greenville, SC 5 BR w Pool and installed pickleball court"": not published on new site; legacy redirect falls back to /newsite/case-studies (302); source: old /case-studies page"
https://www.savvy-agents.com/case-studies/east-of-zion-514780375,,none,"""Southern Utah Sweet Spot"": not published on new site; legacy redirect falls back to /newsite/case-studies (302); source: old /case-studies page"
https://www.savvy-agents.com/case-studies/the-grand-dune-006579390,,none,"""1205 S Virginia Dare Trail Kill Devil Hills NC"": not published on new site; legacy redirect falls back to /newsite/case-studies (302); source: old /case-studies page"
https://www.savvy-agents.com/case-studies/1237-s-virginia-dare-trail-kill-devil-hills-nc-27948-865648816,,none,"""1237 S Virginia Dare Trail Kill Devil Hills NC 27948"": not published on new site; legacy redirect falls back to /newsite/case-studies (302); source: old /case-studies page"
https://www.savvy-agents.com/case-studies/307-w-avalon-drive-kill-devil-hills-nc-27948-138334988,,none,"""307 W Avalon Drive Kill Devil Hills NC 27948"": not published on new site; legacy redirect falls back to /newsite/case-studies (302); source: old /case-studies page"
https://www.savvy-agents.com/case-studies/84-climbing-aster-way-asheville-nc-152837900,,none,"""84 Climbing Aster Way, Asheville, NC"": not published on new site; legacy redirect falls back to /newsite/case-studies (302); source: old /case-studies page"
https://www.savvy-agents.com/case-studies/47-lawson-ridge-rd-leicester-nc-449969606,,none,"""47 Lawson Ridge Rd, Leicester, NC"": not published on new site; legacy redirect falls back to /newsite/case-studies (302); source: old /case-studies page"
https://www.savvy-agents.com/case-studies/32-bill-horne-dr-swannanoa-nc-132235582,,none,"""32 Bill Horne Dr, Swannanoa, NC"": not published on new site; legacy redirect falls back to /newsite/case-studies (302); source: old /case-studies page"
https://www.savvy-agents.com/case-studies/105-lamplighter-ridge-trl-candler-nc-937902916,,none,"""105 Lamplighter Ridge Trl, Candler, NC"": not published on new site; legacy redirect falls back to /newsite/case-studies (302); source: old /case-studies page"
https://www.savvy-agents.com/case-studies/1-covewood-ct-arden-nc-668348042,,none,"""1 Covewood Ct, Arden, NC"": not published on new site; legacy redirect falls back to /newsite/case-studies (302); source: old /case-studies page"
https://www.savvy-agents.com/case-studies/25-old-heywood-rd-arden-nc-428611981,,none,"""25 Old Heywood Rd, Arden, NC"": not published on new site; legacy redirect falls back to /newsite/case-studies (302); source: old /case-studies page"
https://www.savvy-agents.com/case-studies/15-gaston-mountain-rd-asheville-nc-188239229,,none,"""15 Gaston Mountain Rd, Asheville, NC"": not published on new site; legacy redirect falls back to /newsite/case-studies (302); source: old /case-studies page"
https://www.savvy-agents.com/case-studies/185-joe-bailey-rd-fletcher-nc-935519173,,none,"""185 Joe Bailey Rd, Fletcher, NC"": not published on new site; legacy redirect falls back to /newsite/case-studies (302); source: old /case-studies page"
https://www.savvy-agents.com/case-studies/36-long-meadows-drive-leicester-nc-745785713,,none,"""36 Long Meadows Drive, Leicester, NC"": not published on new site; legacy redirect falls back to /newsite/case-studies (302); source: old /case-studies page"
https://www.savvy-agents.com/case-studies/11-landon-rd-fairview-nc-451406463,,none,"""11 Landon Rd, Fairview, NC"": not published on new site; legacy redirect falls back to /newsite/case-studies (302); source: old /case-studies page"
https://www.savvy-agents.com/case-studies/258-bodges-ln-hendersonville-nc-221701633,,none,"""258 Bodges Ln, Hendersonville, NC"": not published on new site; legacy redirect falls back to /newsite/case-studies (302); source: old /case-studies page"
https://www.savvy-agents.com/case-studies/76-climbing-aster-way-asheville-nc-739372580,,none,"""76 Climbing Aster Way, Asheville, NC"": not published on new site; legacy redirect falls back to /newsite/case-studies (302); source: old /case-studies page"
https://www.savvy-agents.com/case-studies/322-goughes-branch-rd-leicester-nc-709358531,,none,"""322 Goughes Branch Rd, Leicester, NC"": not published on new site; legacy redirect falls back to /newsite/case-studies (302); source: old /case-studies page"
https://www.savvy-agents.com/case-studies/50-ponderosa-trl-rosman-nc-398763144,,none,"""50 Ponderosa Trl, Rosman, NC"": not published on new site; legacy redirect falls back to /newsite/case-studies (302); source: old /case-studies page"
https://www.savvy-agents.com/case-studies/29-hope-view-rd-swannanoa-nc-608263135,,none,"""29 Hope View Rd, Swannanoa, NC"": not published on new site; legacy redirect falls back to /newsite/case-studies (302); source: old /case-studies page"
https://www.savvy-agents.com/case-studies/928-deer-ridge-trl-marion-383175292,,none,"""928 Deer Ridge Trl, Marion"": not published on new site; legacy redirect falls back to /newsite/case-studies (302); source: old /case-studies page"
https://www.savvy-agents.com/case-studies/116-hummingbird-lane-waynesville-nc-920801564,,none,"""116 Hummingbird Lane, Waynesville, NC"": not published on new site; legacy redirect falls back to /newsite/case-studies (302); source: old /case-studies page"
https://www.savvy-agents.com/case-studies/1085-sheepback-mountain-rd-maggie-valley-nc-158714710,,none,"""1085 Sheepback Mountain Rd, Maggie Valley, NC"": not published on new site; legacy redirect falls back to /newsite/case-studies (302); source: old /case-studies page"
https://www.savvy-agents.com/case-studies/383-hews-circle-blowing-rock-nc-897420937,,none,"""383 Hews Circle, Blowing Rock, NC"": not published on new site; legacy redirect falls back to /newsite/case-studies (302); source: old /case-studies page"
https://www.savvy-agents.com/case-studies/207-pine-hill-dr-swannanoa-nc-503924846,,none,"""207 Pine Hill Dr, Swannanoa, NC"": not published on new site; legacy redirect falls back to /newsite/case-studies (302); source: old /case-studies page"
https://www.savvy-agents.com/case-studies/402-day-lily-dr-leicester-nc-236191224,,none,"""402 Day Lily Dr, Leicester, NC"": not published on new site; legacy redirect falls back to /newsite/case-studies (302); source: old /case-studies page"
https://www.savvy-agents.com/case-studies/51-hy-vu-dr-waynesville-nc-330649887,,none,"""51 Hy Vu Dr, Waynesville, NC"": not published on new site; legacy redirect falls back to /newsite/case-studies (302); source: old /case-studies page"
https://www.savvy-agents.com/case-studies/15-viewpointe-lane-asheville-nc-887034294,,none,"""15 Viewpointe Lane, Asheville, NC"": not published on new site; legacy redirect falls back to /newsite/case-studies (302); source: old /case-studies page"
https://www.savvy-agents.com/case-studies/133-last-resort-black-mountain-nc-264921046,,none,"""133 Last Resort, Black Mountain, NC"": not published on new site; legacy redirect falls back to /newsite/case-studies (302); source: old /case-studies page"
https://www.savvy-agents.com/case-studies/840-jenkins-valley-rd-alexander-nc-671558559,,none,"""840 Jenkins Valley Rd, Alexander, NC"": not published on new site; legacy redirect falls back to /newsite/case-studies (302); source: old /case-studies page"
https://www.savvy-agents.com/case-studies/225-long-range-lane-leicester-nc-259077044,,none,"""225 Long Range Lane, Leicester, NC"": not published on new site; legacy redirect falls back to /newsite/case-studies (302); source: old /case-studies page"
https://www.savvy-agents.com/case-studies/44-penley-rd-fletcher-nc-073987548,,none,"""44 Penley Rd, Fletcher, NC"": not published on new site; legacy redirect falls back to /newsite/case-studies (302); source: old /case-studies page"
https://www.savvy-agents.com/case-studies/347-vixen-lane-blowing-rock-nc-630819889,,none,"""347 Vixen Lane, Blowing Rock, NC"": not published on new site; legacy redirect falls back to /newsite/case-studies (302); source: old /case-studies page"
https://www.savvy-agents.com/case-studies/6442-hickory-nut-gap-rd-banner-elk-nc-660238550,,none,"""6442 Hickory Nut Gap Rd, Banner Elk, NC"": not published on new site; legacy redirect falls back to /newsite/case-studies (302); source: old /case-studies page"
https://www.savvy-agents.com/case-studies/575-grandfather-farms-rd-banner-elk-nc-778127718,,none,"""575 Grandfather Farms Rd, Banner Elk, NC"": not published on new site; legacy redirect falls back to /newsite/case-studies (302); source: old /case-studies page"
https://www.savvy-agents.com/case-studies/42-little-oak-rd-leicester-nc-28748-267317738,,none,"""42 Little Oak Rd, Leicester, NC 28748"": not published on new site; legacy redirect falls back to /newsite/case-studies (302); source: old /case-studies page"
https://www.savvy-agents.com/case-studies/10-shackleford-dr-asheville-nc-441455935,,none,"""10 Shackleford Dr, Asheville, NC"": not published on new site; legacy redirect falls back to /newsite/case-studies (302); source: old /case-studies page"
https://www.savvy-agents.com/case-studies/20-uncle-dr-asheville-nc-910594580,,none,"""20 Uncle Dr, Asheville, NC"": not published on new site; legacy redirect falls back to /newsite/case-studies (302); source: old /case-studies page"
https://www.savvy-agents.com/resources/condos-are-king-in-gulf-shores-and-i-m-not-sorry,,none,"""Condos Are King in Gulf Shores (And I'm Not Sorry)"": article not published on new site; legacy redirect falls back to /newsite/resources (302); source: old /resources page"
https://www.savvy-agents.com/resources/brunswick-county-beach-str-design-opportunity,,none,"""The Brunswick County Beaches Are Under-Designed. That Is the Opportunity."": article not published on new site; legacy redirect falls back to /newsite/resources (302); source: old /resources page"
https://www.savvy-agents.com/resources/what-are-you-actually-buying-this-NJ-shore-STR-for,,none,"""What Are You Actually Buying This Jersey Shore STR For?"": article not published on new site; legacy redirect falls back to /newsite/resources (302); source: old /resources page"
https://www.savvy-agents.com/resources/cape-cod-str-rules-before-you-buy,https://home.savvy-agents.com/newsite/resources/check-str-rules-before-you-fall-in-love,renamed,matched by title; source: old /resources page; in shared/websitePathRedirects.ts (one 301 hop from the old URL)
https://www.savvy-agents.com/resources/jersey-shore-december-31-in-service-timeline,https://home.savvy-agents.com/newsite/resources/fall-timeline-for-a-jersey-shore-rental,renamed,matched by title; source: old /resources page; in shared/websitePathRedirects.ts (one 301 hop from the old URL)
https://www.savvy-agents.com/resources/year-one-vs-year-two-what-2-years-of-real-str-performance-data-shows,https://home.savvy-agents.com/newsite/resources/year-one-vs-year-two-str-performance,renamed,"same article, title reworded (2 -> Two); source: old /resources page; in shared/websitePathRedirects.ts (one 301 hop from the old URL)"
https://www.savvy-agents.com/resources/the-q3-clock-is-getting-real-for-tax-motivated-str-buyers,,none,"""The Q3 Clock Is Getting Real for Tax-Motivated STR Buyers"": article not published on new site; legacy redirect falls back to /newsite/resources (302); source: old /resources page"
https://www.savvy-agents.com/resources/can-you-self-manage-a-jersey-shore-rental-with-a-full-time-job,,none,"""Can You Self-Manage a Jersey Shore Rental With a Full-Time Job?"": article not published on new site; legacy redirect falls back to /newsite/resources (302); source: old /resources page"
https://www.savvy-agents.com/resources/historical-str-data-is-lying-to-you-and-it-s-time-someone-said-it,,none,"""🚨 Historical STR Data Is Lying to You (And It's Time Someone Said It)"": article not published on new site; legacy redirect falls back to /newsite/resources (302); source: old /resources page"
https://www.savvy-agents.com/resources/when-the-str-numbers-don-t-add-up-a-savvy-investor-looks-deeper,,none,"""When the STR Numbers Don’t Add Up: A Savvy Investor Looks Deeper"": article not published on new site; legacy redirect falls back to /newsite/resources (302); source: old /resources page"
https://www.savvy-agents.com/resources/high-land-values-cost-segregation-why-savvy-str-investors-shouldn-t-overlook-the-outer-banks,,none,"""High Land Values & Cost Segregation: Why Savvy STR Investors Shouldn't Overlook the Outer Banks"": article not published on new site; legacy redirect falls back to /newsite/resources (302); source: old /resources page"
https://www.savvy-agents.com/resources/jersey-shore-str-rules-town-by-town,,none,"""Jersey Shore Short-Term Rental Rules, Town by Town: What Actually Kills a Deal"": article not published on new site; legacy redirect falls back to /newsite/resources (302); source: old /resources page"
https://www.savvy-agents.com/resources/why-so-many-smokies-cabins-don-t-cash-flow-and-what-the-good-deals-have-in-common,,none,"""Why So Many Smokies Cabins Don’t Cash Flow — And What the Good Deals Have in Common"": article not published on new site; legacy redirect falls back to /newsite/resources (302); source: old /resources page"
https://www.savvy-agents.com/resources/wait-how-can-it-be-a-great-time-to-both-buy-and-sell-in-the-outer-banks,,none,"""Wait… How Can It Be a Great Time to BOTH Buy and Sell in the Outer Banks?"": article not published on new site; legacy redirect falls back to /newsite/resources (302); source: old /resources page"
https://www.savvy-agents.com/resources/self-manage-or-hire-a-manager,,none,"""Self Manage or Hire A Manager? "": article not published on new site; legacy redirect falls back to /newsite/resources (302); source: old /resources page"
https://www.savvy-agents.com/resources/what-a-jersey-shore-return-actually-looks-like,,none,"""What a Jersey Shore Return Actually Looks Like"": article not published on new site; legacy redirect falls back to /newsite/resources (302); source: old /resources page"
https://www.savvy-agents.com/resources/the-ugly-truth-about-condos-in-gulf-shores,,none,"""The Ugly Truth About Condos' in Gulf Shores"": article not published on new site; legacy redirect falls back to /newsite/resources (302); source: old /resources page"
https://www.savvy-agents.com/resources/why-the-jersey-shore-is-the-northeasts-most-overlooked-str-market,,none,"""Why the Jersey Shore Is the Northeast's Most Overlooked STR Market"": article not published on new site; legacy redirect falls back to /newsite/resources (302); source: old /resources page"
https://www.savvy-agents.com/resources/why-savvy-outer-banks-owners-know-this-is-the-right-time-to-sell,,none,"""Why Savvy Outer Banks Owners Know THIS Is The Right Time To Sell!"": article not published on new site; legacy redirect falls back to /newsite/resources (302); source: old /resources page"
https://www.savvy-agents.com/resources/views-amenities-execution-my-broken-record,,none,"""Views, Amenities, Execution — My Broken Record"": article not published on new site; legacy redirect falls back to /newsite/resources (302); source: old /resources page"
https://www.savvy-agents.com/resources/east-of-zion-514780375,,none,"""Southern Utah Sweet Spot"": article not published on new site; legacy redirect falls back to /newsite/resources (302); source: old /resources page"
https://www.savvy-agents.com/resources/why-30a-is-one-of-the-smartest-real-estate-investments-on-the-gulf-coast,,none,"""Why 30A Is One of the Smartest Real Estate Investments on the Gulf Coast Right Now"": article not published on new site; legacy redirect falls back to /newsite/resources (302); source: old /resources page"
https://www.savvy-agents.com/resources/why-utah-is-built-for-short-term-rental-investors,,none,"""Why Utah Is Built for Short-Term Rental Investors"": article not published on new site; legacy redirect falls back to /newsite/resources (302); source: old /resources page"
https://www.savvy-agents.com/resources/orange-beach-is-strong-but-don-t-buy-a-3-bedroom,,none,"""Orange Beach Is strong.. BUT...Don't Buy a 3-Bedroom"": article not published on new site; legacy redirect falls back to /newsite/resources (302); source: old /resources page"
https://www.savvy-agents.com/resources/why-savvy-outer-banks-investors-know-this-is-the-right-time-to-buy,,none,"""Why Savvy Outer Banks Investors Know This Is the Right Time to Buy"": article not published on new site; legacy redirect falls back to /newsite/resources (302); source: old /resources page"
https://www.savvy-agents.com/resources/new-runway-new-renters-what-gulf-shores-airport-boom-means-for-your-rental,,none,"""New Runway, New Renters: What Gulf Shores' Airport Boom Means for Your Rental"": article not published on new site; legacy redirect falls back to /newsite/resources (302); source: old /resources page"
https://www.savvy-agents.com/resources/st-louis-short-term-rental-bonus-depreciation,,none,"""Want the Tax Benefits of a Short-Term Rental? Don't Wait Until the End of the Year."": article not published on new site; legacy redirect falls back to /newsite/resources (302); source: old /resources page"
https://www.savvy-agents.com/resources/smoky-mountains-vs-outer-banks-str-investment,,none,"""Smoky Mountains vs. Outer Banks: Which STR Market is Better for Investors in 2026?"": article not published on new site; legacy redirect falls back to /newsite/resources (302); source: old /resources page"
https://www.savvy-agents.com/resources/short-term-rental-insurance-guide,,none,"""Short-Term Rental Insurance: What Airbnb Investors Actually Need (2026 Guide)"": article not published on new site; legacy redirect falls back to /newsite/resources (302); source: old /resources page"
https://www.savvy-agents.com/resources/dscr-loans-short-term-rentals-guide,,none,"""DSCR Loans for Short-Term Rentals: The Complete 2026 Investor Guide"": article not published on new site; legacy redirect falls back to /newsite/resources (302); source: old /resources page"
https://www.savvy-agents.com/resources/how-to-analyze-short-term-rental-investment,,none,"""How to Analyze a Short-Term Rental Investment Before You Buy (The 2026 Underwriting Guide)"": article not published on new site; legacy redirect falls back to /newsite/resources (302); source: old /resources page"
https://www.savvy-agents.com/resources/best-short-term-rental-markets-2026,,none,"""Best Short-Term Rental Markets to Invest In for 2026 (Data-Backed)"": article not published on new site; legacy redirect falls back to /newsite/resources (302); source: old /resources page"
https://www.savvy-agents.com/resources/st-louis-top-market-str-investing,,none,"""St. Louis Short-Term Rental Investing: Why This Market Is Gaining Attention"": article not published on new site; legacy redirect falls back to /newsite/resources (302); source: old /resources page"
https://www.savvy-agents.com/markets/al/gulf-shores,https://home.savvy-agents.com/newsite/markets/al/gulf-shores,exact-slug,source: old link crawl
https://www.savvy-agents.com/markets/ar/northwest-arkansas,https://home.savvy-agents.com/newsite/markets/ar/northwest-arkansas,exact-slug,source: old link crawl
https://www.savvy-agents.com/markets/az/phoenix,https://home.savvy-agents.com/newsite/markets/az/phoenix,exact-slug,source: old link crawl
https://www.savvy-agents.com/markets/az/scottsdale,,none,no market with this name on new site; legacy redirect now falls back to /newsite/markets (302); source: old link crawl
https://www.savvy-agents.com/markets/az/sedona,https://home.savvy-agents.com/newsite/markets/az/sedona,exact-slug,source: old link crawl
https://www.savvy-agents.com/markets/fl/bradenton,,none,no market with this name on new site; legacy redirect now falls back to /newsite/markets (302); source: old link crawl
https://www.savvy-agents.com/markets/fl/central-and-north-florida,https://home.savvy-agents.com/newsite/markets/fl/central-fl,renamed,"nearest market (Central and North Florida -> Central FL); NOT in the redirect table until confirmed, falls back to /newsite/markets; source: old link crawl"
https://www.savvy-agents.com/markets/fl/clearwater,,none,no market with this name on new site; legacy redirect now falls back to /newsite/markets (302); source: old link crawl
https://www.savvy-agents.com/markets/fl/cocoa-beach,,none,no market with this name on new site; legacy redirect now falls back to /newsite/markets (302); source: old link crawl
https://www.savvy-agents.com/markets/fl/daytona,https://home.savvy-agents.com/newsite/markets/fl/daytona-beach,renamed,renamed market (Daytona -> Daytona Beach); source: old link crawl; in shared/websitePathRedirects.ts (one 301 hop from the old URL)
https://www.savvy-agents.com/markets/fl/emerald-coast,,none,no market with this name on new site; legacy redirect now falls back to /newsite/markets (302); source: old link crawl
https://www.savvy-agents.com/markets/fl/jacksonville,https://home.savvy-agents.com/newsite/markets/fl/jacksonville,exact-slug,source: old link crawl
https://www.savvy-agents.com/markets/fl/palm-coast-flagler-beach,,none,no market with this name on new site; legacy redirect now falls back to /newsite/markets (302); source: old link crawl
https://www.savvy-agents.com/markets/fl/seminole,,none,no market with this name on new site; legacy redirect now falls back to /newsite/markets (302); source: old link crawl
https://www.savvy-agents.com/markets/fl/south-florida,,none,no market with this name on new site; legacy redirect now falls back to /newsite/markets (302); source: old link crawl
https://www.savvy-agents.com/markets/fl/south-miami,,none,no market with this name on new site; legacy redirect now falls back to /newsite/markets (302); source: old link crawl
https://www.savvy-agents.com/markets/fl/southwest-florida,,none,no market with this name on new site; legacy redirect now falls back to /newsite/markets (302); source: old link crawl
https://www.savvy-agents.com/markets/fl/st-augustine,https://home.savvy-agents.com/newsite/markets/fl/ne-fl-st-augustine,renamed,renamed market (St. Augustine -> NE FL - St. Augustine); source: old link crawl; in shared/websitePathRedirects.ts (one 301 hop from the old URL)
https://www.savvy-agents.com/markets/fl/tampa,,none,no market with this name on new site; legacy redirect now falls back to /newsite/markets (302); source: old link crawl
https://www.savvy-agents.com/markets/fl/the-florida-keys,https://home.savvy-agents.com/newsite/markets/fl/key-west,renamed,"nearest market (The Florida Keys -> Key West); NOT in the redirect table until confirmed, falls back to /newsite/markets; source: old link crawl"
https://www.savvy-agents.com/markets/fl/treasure-coast,,none,no market with this name on new site; legacy redirect now falls back to /newsite/markets (302); source: old link crawl
https://www.savvy-agents.com/markets/ga/metro-atlanta,,none,no market with this name on new site; legacy redirect now falls back to /newsite/markets (302); source: old link crawl
https://www.savvy-agents.com/markets/ga/north-georgia,,none,no market with this name on new site; legacy redirect now falls back to /newsite/markets (302); source: old link crawl
https://www.savvy-agents.com/markets/in/indianapolis,,none,no market with this name on new site; legacy redirect now falls back to /newsite/markets (302); source: old link crawl
https://www.savvy-agents.com/markets/ky/bourbon-trail,https://home.savvy-agents.com/newsite/markets/ky/kentucky-bourbon-trail,renamed,renamed market; source: old link crawl; in shared/websitePathRedirects.ts (one 301 hop from the old URL)
https://www.savvy-agents.com/markets/ma/cape-cod,,none,no market with this name on new site; legacy redirect now falls back to /newsite/markets (302); source: old link crawl
https://www.savvy-agents.com/markets/mi/ann-arbor,,none,no market with this name on new site; legacy redirect now falls back to /newsite/markets (302); source: old link crawl
https://www.savvy-agents.com/markets/mo/lake-of-the-ozarks,,none,no market with this name on new site; legacy redirect now falls back to /newsite/markets (302); source: old link crawl
https://www.savvy-agents.com/markets/mo/st-charles-county,https://home.savvy-agents.com/newsite/markets/mo/st-charles,renamed,renamed market (St. Charles County -> St. Charles); source: old link crawl; in shared/websitePathRedirects.ts (one 301 hop from the old URL)
https://www.savvy-agents.com/markets/mo/st-louis,https://home.savvy-agents.com/newsite/markets/mo/st-louis,exact-slug,source: old link crawl
https://www.savvy-agents.com/markets/ms/mississippi,,none,no market with this name on new site; legacy redirect now falls back to /newsite/markets (302); source: old link crawl
https://www.savvy-agents.com/markets/mt/whitefish,https://home.savvy-agents.com/newsite/markets/mt/whitefish-glacier-national-park,renamed,renamed market; source: old link crawl; in shared/websitePathRedirects.ts (one 301 hop from the old URL)
https://www.savvy-agents.com/markets/nc/carolina-beach,,none,no market with this name on new site; legacy redirect now falls back to /newsite/markets (302); source: old link crawl
https://www.savvy-agents.com/markets/nc/charlotte,,none,no market with this name on new site; legacy redirect now falls back to /newsite/markets (302); source: old link crawl
https://www.savvy-agents.com/markets/nc/holden-beach,,none,no market with this name on new site; legacy redirect now falls back to /newsite/markets (302); source: old link crawl
https://www.savvy-agents.com/markets/nc/oak-island,,none,no market with this name on new site; legacy redirect now falls back to /newsite/markets (302); source: old link crawl
https://www.savvy-agents.com/markets/nc/ocean-isle-beach,,none,no market with this name on new site; legacy redirect now falls back to /newsite/markets (302); source: old link crawl
https://www.savvy-agents.com/markets/nc/outer-banks,https://home.savvy-agents.com/newsite/markets/nc/outer-banks,exact-slug,source: old link crawl
https://www.savvy-agents.com/markets/nc/raleigh,https://home.savvy-agents.com/newsite/markets/nc/raleigh,exact-slug,source: old link crawl
https://www.savvy-agents.com/markets/nc/sunset-beach,,none,no market with this name on new site; legacy redirect now falls back to /newsite/markets (302); source: old link crawl
https://www.savvy-agents.com/markets/nc/western-north-carolina,https://home.savvy-agents.com/newsite/markets/nc/western-north-carolina,exact-slug,source: old link crawl
https://www.savvy-agents.com/markets/nc/wilmington,,none,no market with this name on new site; legacy redirect now falls back to /newsite/markets (302); source: old link crawl
https://www.savvy-agents.com/markets/nj/jersey-shore,https://home.savvy-agents.com/newsite/markets/nj/new-jersey,renamed,renamed market (Jersey Shore -> New Jersey); source: old link crawl; in shared/websitePathRedirects.ts (one 301 hop from the old URL)
https://www.savvy-agents.com/markets/oh/columbus,https://home.savvy-agents.com/newsite/markets/oh/columbus,exact-slug,source: old link crawl
https://www.savvy-agents.com/markets/oh/hocking-hills,https://home.savvy-agents.com/newsite/markets/oh/hocking-hills,exact-slug,source: old link crawl
https://www.savvy-agents.com/markets/ok/broken-bow,https://home.savvy-agents.com/newsite/markets/ok/broken-bow,exact-slug,source: old link crawl
https://www.savvy-agents.com/markets/pa/poconos,https://home.savvy-agents.com/newsite/markets/pa/poconos,exact-slug,source: old link crawl
https://www.savvy-agents.com/markets/sc/columbia,,none,no market with this name on new site; legacy redirect now falls back to /newsite/markets (302); source: old link crawl
https://www.savvy-agents.com/markets/sc/greenville,,none,no market with this name on new site; legacy redirect now falls back to /newsite/markets (302); source: old link crawl
https://www.savvy-agents.com/markets/sc/myrtle-beach,,none,no market with this name on new site; legacy redirect now falls back to /newsite/markets (302); source: old link crawl
https://www.savvy-agents.com/markets/tn/smokies,,none,no market with this name on new site; legacy redirect now falls back to /newsite/markets (302); source: old link crawl
https://www.savvy-agents.com/markets/tx/austin,https://home.savvy-agents.com/newsite/markets/tx/austin,exact-slug,source: old link crawl
https://www.savvy-agents.com/markets/tx/galveston,,none,no market with this name on new site; legacy redirect now falls back to /newsite/markets (302); source: old link crawl
https://www.savvy-agents.com/markets/tx/houston,https://home.savvy-agents.com/newsite/markets/tx/houston,exact-slug,source: old link crawl
https://www.savvy-agents.com/markets/ut/salt-lake-city,,none,no market with this name on new site; legacy redirect now falls back to /newsite/markets (302); source: old link crawl
https://www.savvy-agents.com/markets/ut/southern-utah,,none,no market with this name on new site; legacy redirect now falls back to /newsite/markets (302); source: old link crawl
https://www.savvy-agents.com/markets/va/shenandoah-valley,https://home.savvy-agents.com/newsite/markets/va/shenandoah-valley,exact-slug,source: old link crawl
https://www.savvy-agents.com/markets/wa/seattle,,none,no market with this name on new site; legacy redirect now falls back to /newsite/markets (302); source: old link crawl
